Product Name,Brand,Item Number,Mfr #,Category Hierarchy,Product URL,Qty,Price,Unit,Availability,Description,Attributes,Image URLs,Alternative Product URL,Alternative Item Number
Aquasoft gloves x-small 300/box,Halyard,3021302,43932,Home > Dental Supplies > Dental Exam Gloves > Nitrile gloves > Aquasoft,https://www.safcodental.com/product/aquasoft,1,31.49,300/box,In stock,Powder-free nitrile exam gloves.,"X-small, 300/box","https://www.safcodental.com/media/catalog/product/d/r/drcbt.jpg?width=265&height=265&canvas=265,265&optimize=medium&fit=bounds",,
Aquasoft gloves small 300/box,Halyard,3021304,43933,Home > Dental Supplies > Dental Exam Gloves > Nitrile gloves > Aquasoft,https://www.safcodental.com/product/aquasoft,1,31.49,300/box,In stock,Powder-free nitrile exam gloves.,"Small, 300/box","https://www.safcodental.com/media/catalog/product/d/r/drcbt.jpg?width=265&height=265&canvas=265,265&optimize=medium&fit=bounds",,
Aquasoft gloves medium 300/box,Halyard,3021306,43934,Home > Dental Supplies > Dental Exam Gloves > Nitrile gloves > Aquasoft,https://www.safcodental.com/product/aquasoft,1,31.49,300/box,Backorder,Powder-free nitrile exam gloves.,"Medium, 300/box","https://www.safcodental.com/media/catalog/product/d/r/drcbt.jpg?width=265&height=265&canvas=265,265&optimize=medium&fit=bounds",,
Aquasoft gloves large 300/box,Halyard,3021308,43935,Home > Dental Supplies > Dental Exam Gloves > Nitrile gloves > Aquasoft,https://www.safcodental.com/product/aquasoft,1,31.49,300/box,In stock,Powder-free nitrile exam gloves.,"Large, 300/box","https://www.safcodental.com/media/catalog/product/d/r/drcbt.jpg?width=265&height=265&canvas=265,265&optimize=medium&fit=bounds",,
Aquasoft gloves x-large 250/box,Halyard,3021309,43936,Home > Dental Supplies > Dental Exam Gloves > Nitrile gloves > Aquasoft,https://www.safcodental.com/product/aquasoft,1,31.49,250/box,In stock,Powder-free nitrile exam gloves.,"X-large, 250/box","https://www.safcodental.com/media/catalog/product/d/r/drcbt.jpg?width=265&height=265&canvas=265,265&optimize=medium&fit=bounds",,
BeeSure SuperSlim nitrile gloves x-small 300/box,EcoBee,4712101,BE1145,Home > Dental Supplies > Dental Exam Gloves > Nitrile gloves > BeeSure SuperSlim Nitrile,https://www.safcodental.com/product/beesure-reg-superslim-trade-nitrile,1,19.99,300/box,Backorder,Powder-free nitrile exam gloves.,"X-small, 300/box","https://www.safcodental.com/media/catalog/product/d/r/drcbo.jpg?width=265&height=265&canvas=265,265&optimize=medium&fit=bounds",,
BeeSure SuperSlim nitrile gloves small 300/box,EcoBee,4712103,BE1146,Home > Dental Supplies > Dental Exam Gloves > Nitrile gloves > BeeSure SuperSlim Nitrile,https://www.safcodental.com/product/beesure-reg-superslim-trade-nitrile,1,19.99,300/box,Backorder,Powder-free nitrile exam gloves.,"Small, 300/box","https://www.safcodental.com/media/catalog/product/d/r/drcbo.jpg?width=265&height=265&canvas=265,265&optimize=medium&fit=bounds",,
BeeSure SuperSlim nitrile gloves medium 300/box,EcoBee,4712105,BE1147,Home > Dental Supplies > Dental Exam Gloves > Nitrile gloves > BeeSure SuperSlim Nitrile,https://www.safcodental.com/product/beesure-reg-superslim-trade-nitrile,1,19.99,300/box,Backorder,Powder-free nitrile exam gloves.,"Medium, 300/box","https://www.safcodental.com/media/catalog/product/d/r/drcbo.jpg?width=265&height=265&canvas=265,265&optimize=medium&fit=bounds",,
BeeSure SuperSlim nitrile gloves large 300/box,EcoBee,4712107,BE1148,Home > Dental Supplies > Dental Exam Gloves > Nitrile gloves > BeeSure SuperSlim Nitrile,https://www.safcodental.com/product/beesure-reg-superslim-trade-nitrile,1,19.99,300/box,Backorder,Powder-free nitrile exam gloves.,"Large, 300/box","https://www.safcodental.com/media/catalog/product/d/r/drcbo.jpg?width=265&height=265&canvas=265,265&optimize=medium&fit=bounds",,
Microflex Ultraform gloves x-small 300/box,Ansell,4751240,UF-524-XS,Home > Dental Supplies > Dental Exam Gloves > Nitrile gloves > Microflex Ultraform,https://www.safcodental.com/product/microflex-sup-reg-sup-ultraform-sup-trade-sup,1,33.49,300/box,In stock,Powder-free nitrile exam gloves. Ultra-soft and form fitting. Textured fingertip finish Beaded cuff Chlorinated Ambidextrous Cobalt blue color Thickness: at palm 2.0 mils; at fingertip 3.1 mils 300 gloves per box (250 for x-large) Order 10 boxes to purchase a case,"X-small, 300/box","https://www.safcodental.com/media/catalog/product/d/r/drcbj.jpg?width=265&height=265&canvas=265,265&optimize=medium&fit=bounds",,
Microflex Ultraform gloves x-small/small 300/box,Ansell,4751243,UF-524-XSS,Home > Dental Supplies > Dental Exam Gloves > Nitrile gloves > Microflex Ultraform,https://www.safcodental.com/product/microflex-sup-reg-sup-ultraform-sup-trade-sup,1,33.49,300/box,In stock,Powder-free nitrile exam gloves. Ultra-soft and form fitting. Textured fingertip finish Beaded cuff Chlorinated Ambidextrous Cobalt blue color Thickness: at palm 2.0 mils; at fingertip 3.1 mils 300 gloves per box (250 for x-large) Order 10 boxes to purchase a case,"X-small/Small, 300/box","https://www.safcodental.com/media/catalog/product/d/r/drcbj.jpg?width=265&height=265&canvas=265,265&optimize=medium&fit=bounds",,
Microflex Ultraform gloves small 300/box,Ansell,4751245,UF-524-S,Home > Dental Supplies > Dental Exam Gloves > Nitrile gloves > Microflex Ultraform,https://www.safcodental.com/product/microflex-sup-reg-sup-ultraform-sup-trade-sup,1,33.49,300/box,In stock,Powder-free nitrile exam gloves. Ultra-soft and form fitting. Textured fingertip finish Beaded cuff Chlorinated Ambidextrous Cobalt blue color Thickness: at palm 2.0 mils; at fingertip 3.1 mils 300 gloves per box (250 for x-large) Order 10 boxes to purchase a case,"Small, 300/box","https://www.safcodental.com/media/catalog/product/d/r/drcbj.jpg?width=265&height=265&canvas=265,265&optimize=medium&fit=bounds",,
Microflex Ultraform gloves small/medium 300/box,Ansell,4751247,UF-524-SM,Home > Dental Supplies > Dental Exam Gloves > Nitrile gloves > Microflex Ultraform,https://www.safcodental.com/product/microflex-sup-reg-sup-ultraform-sup-trade-sup,1,33.49,300/box,In stock,Powder-free nitrile exam gloves. Ultra-soft and form fitting. Textured fingertip finish Beaded cuff Chlorinated Ambidextrous Cobalt blue color Thickness: at palm 2.0 mils; at fingertip 3.1 mils 300 gloves per box (250 for x-large) Order 10 boxes to purchase a case,"Small/Medium, 300/box","https://www.safcodental.com/media/catalog/product/d/r/drcbj.jpg?width=265&height=265&canvas=265,265&optimize=medium&fit=bounds",,
Microflex Ultraform gloves medium 300/box,Ansell,4751250,UF-524-M,Home > Dental Supplies > Dental Exam Gloves > Nitrile gloves > Microflex Ultraform,https://www.safcodental.com/product/microflex-sup-reg-sup-ultraform-sup-trade-sup,1,33.49,300/box,In stock,Powder-free nitrile exam gloves. Ultra-soft and form fitting. Textured fingertip finish Beaded cuff Chlorinated Ambidextrous Cobalt blue color Thickness: at palm 2.0 mils; at fingertip 3.1 mils 300 gloves per box (250 for x-large) Order 10 boxes to purchase a case,"Medium, 300/box","https://www.safcodental.com/media/catalog/product/d/r/drcbj.jpg?width=265&height=265&canvas=265,265&optimize=medium&fit=bounds",,
Microflex Ultraform gloves medium/large 300/box,Ansell,4751252,UF-524-ML,Home > Dental Supplies > Dental Exam Gloves > Nitrile gloves > Microflex Ultraform,https://www.safcodental.com/product/microflex-sup-reg-sup-ultraform-sup-trade-sup,1,33.49,300/box,In stock,Powder-free nitrile exam gloves. Ultra-soft and form fitting. Textured fingertip finish Beaded cuff Chlorinated Ambidextrous Cobalt blue color Thickness: at palm 2.0 mils; at fingertip 3.1 mils 300 gloves per box (250 for x-large) Order 10 boxes to purchase a case,"Medium/Large, 300/box","https://www.safcodental.com/media/catalog/product/d/r/drcbj.jpg?width=265&height=265&canvas=265,265&optimize=medium&fit=bounds",,
Microflex Ultraform gloves large 300/box,Ansell,4751255,UF-524-L,Home > Dental Supplies > Dental Exam Gloves > Nitrile gloves > Microflex Ultraform,https://www.safcodental.com/product/microflex-sup-reg-sup-ultraform-sup-trade-sup,1,33.49,300/box,Backorder,Powder-free nitrile exam gloves. Ultra-soft and form fitting. Textured fingertip finish Beaded cuff Chlorinated Ambidextrous Cobalt blue color Thickness: at palm 2.0 mils; at fingertip 3.1 mils 300 gloves per box (250 for x-large) Order 10 boxes to purchase a case,"Large, 300/box","https://www.safcodental.com/media/catalog/product/d/r/drcbj.jpg?width=265&height=265&canvas=265,265&optimize=medium&fit=bounds",,
Microflex Ultraform gloves x-large 250/box,Ansell,4751260,UF-524-XL,Home > Dental Supplies > Dental Exam Gloves > Nitrile gloves > Microflex Ultraform,https://www.safcodental.com/product/microflex-sup-reg-sup-ultraform-sup-trade-sup,1,33.49,250/box,In stock,Powder-free nitrile exam gloves. Ultra-soft and form fitting. Textured fingertip finish Beaded cuff Chlorinated Ambidextrous Cobalt blue color Thickness: at palm 2.0 mils; at fingertip 3.1 mils 300 gloves per box (250 for x-large) Order 10 boxes to purchase a case,"X-large, 250/box","https://www.safcodental.com/media/catalog/product/d/r/drcbj.jpg?width=265&height=265&canvas=265,265&optimize=medium&fit=bounds",,
Lavender Nitrile gloves x-small 250/box,Halyard,3020800,52816,Home > Dental Supplies > Dental Exam Gloves > Nitrile gloves > Lavender Nitrile,https://www.safcodental.com/product/lavender-nitrile,1,28.99,250/box,In stock,Powder-free nitrile exam gloves.,"X-small, 250/box","https://www.safcodental.com/media/catalog/product/d/r/drcas.jpg?width=265&height=265&canvas=265,265&optimize=medium&fit=bounds",,
Lavender Nitrile gloves small 250/box,Halyard,3020810,52817,Home > Dental Supplies > Dental Exam Gloves > Nitrile gloves > Lavender Nitrile,https://www.safcodental.com/product/lavender-nitrile,1,28.99,250/box,Backorder,Powder-free nitrile exam gloves.,"Small, 250/box","https://www.safcodental.com/media/catalog/product/d/r/drcas.jpg?width=265&height=265&canvas=265,265&optimize=medium&fit=bounds",,
Lavender Nitrile gloves medium 250/box,Halyard,3020815,52818,Home > Dental Supplies > Dental Exam Gloves > Nitrile gloves > Lavender Nitrile,https://www.safcodental.com/product/lavender-nitrile,1,28.99,250/box,Backorder,Powder-free nitrile exam gloves.,"Medium, 250/box","https://www.safcodental.com/media/catalog/product/d/r/drcas.jpg?width=265&height=265&canvas=265,265&optimize=medium&fit=bounds",,
Lavender Nitrile gloves large 250/box,Halyard,3020822,52819,Home > Dental Supplies > Dental Exam Gloves > Nitrile gloves > Lavender Nitrile,https://www.safcodental.com/product/lavender-nitrile,1,28.99,250/box,In stock,Powder-free nitrile exam gloves.,"Large, 250/box","https://www.safcodental.com/media/catalog/product/d/r/drcas.jpg?width=265&height=265&canvas=265,265&optimize=medium&fit=bounds",,
Lavender Nitrile gloves x-large 230/box,Halyard,3020830,52820,Home > Dental Supplies > Dental Exam Gloves > Nitrile gloves > Lavender Nitrile,https://www.safcodental.com/product/lavender-nitrile,1,28.99,230/box,In stock,Powder-free nitrile exam gloves.,"X-large, 230/box","https://www.safcodental.com/media/catalog/product/d/r/drcas.jpg?width=265&height=265&canvas=265,265&optimize=medium&fit=bounds",,
Alasta gloves x-small 100/box,Dash,4680714,ALS100XS,Home > Dental Supplies > Dental Exam Gloves > Nitrile gloves > Alasta,https://www.safcodental.com/product/alasta-sup-reg-sup,1,10.49,100/box,In stock,Soft-Fit™ powder-free nitrile exam gloves. Textured whole hand finish Beaded cuff Non-chlorinated Ambidextrous Blue color Thickness: at palm 3.1 mils; at fingertip 3.9 mils; ± 1.2 Order 10 boxes to purchase a case,"X-small, 100/box","https://www.safcodental.com/media/catalog/product/d/r/drcan.jpg?width=265&height=265&canvas=265,265&optimize=medium&fit=bounds",,
Alasta gloves small 100/box,Dash,4680720,ALS100S,Home > Dental Supplies > Dental Exam Gloves > Nitrile gloves > Alasta,https://www.safcodental.com/product/alasta-sup-reg-sup,1,10.49,100/box,In stock,Soft-Fit™ powder-free nitrile exam gloves. Textured whole hand finish Beaded cuff Non-chlorinated Ambidextrous Blue color Thickness: at palm 3.1 mils; at fingertip 3.9 mils; ± 1.2 Order 10 boxes to purchase a case,"Small,100/box","https://www.safcodental.com/media/catalog/product/d/r/drcan.jpg?width=265&height=265&canvas=265,265&optimize=medium&fit=bounds",,
Alasta gloves medium 100/box,Dash,4680726,ALS100M,Home > Dental Supplies > Dental Exam Gloves > Nitrile gloves > Alasta,https://www.safcodental.com/product/alasta-sup-reg-sup,1,10.49,100/box,In stock,Soft-Fit™ powder-free nitrile exam gloves. Textured whole hand finish Beaded cuff Non-chlorinated Ambidextrous Blue color Thickness: at palm 3.1 mils; at fingertip 3.9 mils; ± 1.2 Order 10 boxes to purchase a case,"Medium, 100/box","https://www.safcodental.com/media/catalog/product/d/r/drcan.jpg?width=265&height=265&canvas=265,265&optimize=medium&fit=bounds",,
Alasta gloves large 100/box,Dash,4680732,ALS100L,Home > Dental Supplies > Dental Exam Gloves > Nitrile gloves > Alasta,https://www.safcodental.com/product/alasta-sup-reg-sup,1,10.49,100/box,In stock,Soft-Fit™ powder-free nitrile exam gloves. Textured whole hand finish Beaded cuff Non-chlorinated Ambidextrous Blue color Thickness: at palm 3.1 mils; at fingertip 3.9 mils; ± 1.2 Order 10 boxes to purchase a case,"Large, 100/box","https://www.safcodental.com/media/catalog/product/d/r/drcan.jpg?width=265&height=265&canvas=265,265&optimize=medium&fit=bounds",,
Alasta nitrile gloves x-large 100/bx,Dash,4681210,ALS100XL,Home > Dental Supplies > Dental Exam Gloves > Nitrile gloves > Alasta,https://www.safcodental.com/product/alasta-sup-reg-sup,1,10.49,100/box,In stock,Soft-Fit™ powder-free nitrile exam gloves. Textured whole hand finish Beaded cuff Non-chlorinated Ambidextrous Blue color Thickness: at palm 3.1 mils; at fingertip 3.9 mils; ± 1.2 Order 10 boxes to purchase a case,"X-Large, 100/box","https://www.safcodental.com/media/catalog/product/d/r/drcan.jpg?width=265&height=265&canvas=265,265&optimize=medium&fit=bounds",,
Alasta gloves x-small 200/box,Dash,4681102,ALS200XS,Home > Dental Supplies > Dental Exam Gloves > Nitrile gloves > Alasta,https://www.safcodental.com/product/alasta-sup-reg-sup,1,20.99,200/box,In stock,Soft-Fit™ powder-free nitrile exam gloves. Textured whole hand finish Beaded cuff Non-chlorinated Ambidextrous Blue color Thickness: at palm 3.1 mils; at fingertip 3.9 mils; ± 1.2 Order 10 boxes to purchase a case,"X-small, 200/box","https://www.safcodental.com/media/catalog/product/d/r/drcan.jpg?width=265&height=265&canvas=265,265&optimize=medium&fit=bounds",,
Alasta gloves small 200/box,Dash,4681105,ALS200S,Home > Dental Supplies > Dental Exam Gloves > Nitrile gloves > Alasta,https://www.safcodental.com/product/alasta-sup-reg-sup,1,20.99,200/box,In stock,Soft-Fit™ powder-free nitrile exam gloves. Textured whole hand finish Beaded cuff Non-chlorinated Ambidextrous Blue color Thickness: at palm 3.1 mils; at fingertip 3.9 mils; ± 1.2 Order 10 boxes to purchase a case,"Small, 200/box","https://www.safcodental.com/media/catalog/product/d/r/drcan.jpg?width=265&height=265&canvas=265,265&optimize=medium&fit=bounds",,
Alasta gloves medium 200/box,Dash,4681108,ALS200M,Home > Dental Supplies > Dental Exam Gloves > Nitrile gloves > Alasta,https://www.safcodental.com/product/alasta-sup-reg-sup,1,20.99,200/box,In stock,Soft-Fit™ powder-free nitrile exam gloves. Textured whole hand finish Beaded cuff Non-chlorinated Ambidextrous Blue color Thickness: at palm 3.1 mils; at fingertip 3.9 mils; ± 1.2 Order 10 boxes to purchase a case,"Medium, 200/box","https://www.safcodental.com/media/catalog/product/d/r/drcan.jpg?width=265&height=265&canvas=265,265&optimize=medium&fit=bounds",,
Alasta gloves large 200/box,Dash,4681111,ALS200L,Home > Dental Supplies > Dental Exam Gloves > Nitrile gloves > Alasta,https://www.safcodental.com/product/alasta-sup-reg-sup,1,20.99,200/box,In stock,Soft-Fit™ powder-free nitrile exam gloves. Textured whole hand finish Beaded cuff Non-chlorinated Ambidextrous Blue color Thickness: at palm 3.1 mils; at fingertip 3.9 mils; ± 1.2 Order 10 boxes to purchase a case,"Large, 200/box","https://www.safcodental.com/media/catalog/product/d/r/drcan.jpg?width=265&height=265&canvas=265,265&optimize=medium&fit=bounds",,
Alasta gloves x-large 200/box,Dash,4681112,ALS200XL,Home > Dental Supplies > Dental Exam Gloves > Nitrile gloves > Alasta,https://www.safcodental.com/product/alasta-sup-reg-sup,1,20.99,200/box,In stock,Soft-Fit™ powder-free nitrile exam gloves. Textured whole hand finish Beaded cuff Non-chlorinated Ambidextrous Blue color Thickness: at palm 3.1 mils; at fingertip 3.9 mils; ± 1.2 Order 10 boxes to purchase a case,"X-large, 200/box","https://www.safcodental.com/media/catalog/product/d/r/drcan.jpg?width=265&height=265&canvas=265,265&optimize=medium&fit=bounds",,
Aurelia Amazing gloves x-small 300/box,Supermax,4871102,92885,Home > Dental Supplies > Dental Exam Gloves > Nitrile gloves > Aurelia Amazing,https://www.safcodental.com/product/aurelia-reg-amazing-reg,1,20.99,300/box,In stock,Powder-free nitrile exam gloves. Thinner and more flexible than standard nitrile. Textured fingertip finish Beaded cuff Chlorinated Ambidextrous Purple color Thickness: at palm 2.0 mils; at fingertips 3.0 mils 300 gloves per box (270 for x-large) Order 10 boxes to purchase a case,"X-small, 300/box","https://www.safcodental.com/media/catalog/product/d/r/drcbm.jpg?width=265&height=265&canvas=265,265&optimize=medium&fit=bounds",,
Aurelia Amazing gloves small 300/box,Supermax,4871105,92886,Home > Dental Supplies > Dental Exam Gloves > Nitrile gloves > Aurelia Amazing,https://www.safcodental.com/product/aurelia-reg-amazing-reg,1,20.99,300/box,In stock,Powder-free nitrile exam gloves. Thinner and more flexible than standard nitrile. Textured fingertip finish Beaded cuff Chlorinated Ambidextrous Purple color Thickness: at palm 2.0 mils; at fingertips 3.0 mils 300 gloves per box (270 for x-large) Order 10 boxes to purchase a case,"Small, 300/box","https://www.safcodental.com/media/catalog/product/d/r/drcbm.jpg?width=265&height=265&canvas=265,265&optimize=medium&fit=bounds",,
Aurelia Amazing gloves medium 300/box,Supermax,4871108,92887,Home > Dental Supplies > Dental Exam Gloves > Nitrile gloves > Aurelia Amazing,https://www.safcodental.com/product/aurelia-reg-amazing-reg,1,20.99,300/box,In stock,Powder-free nitrile exam gloves. Thinner and more flexible than standard nitrile. Textured fingertip finish Beaded cuff Chlorinated Ambidextrous Purple color Thickness: at palm 2.0 mils; at fingertips 3.0 mils 300 gloves per box (270 for x-large) Order 10 boxes to purchase a case,"Medium, 300/box","https://www.safcodental.com/media/catalog/product/d/r/drcbm.jpg?width=265&height=265&canvas=265,265&optimize=medium&fit=bounds",,
Aurelia Amazing gloves large 300/box,Supermax,4871111,92888,Home > Dental Supplies > Dental Exam Gloves > Nitrile gloves > Aurelia Amazing,https://www.safcodental.com/product/aurelia-reg-amazing-reg,1,20.99,300/box,In stock,Powder-free nitrile exam gloves. Thinner and more flexible than standard nitrile. Textured fingertip finish Beaded cuff Chlorinated Ambidextrous Purple color Thickness: at palm 2.0 mils; at fingertips 3.0 mils 300 gloves per box (270 for x-large) Order 10 boxes to purchase a case,"Large, 300/box","https://www.safcodental.com/media/catalog/product/d/r/drcbm.jpg?width=265&height=265&canvas=265,265&optimize=medium&fit=bounds",,
Aurelia Amazing gloves x-large 270/box,Supermax,4871114,92889,Home > Dental Supplies > Dental Exam Gloves > Nitrile gloves > Aurelia Amazing,https://www.safcodental.com/product/aurelia-reg-amazing-reg,1,20.99,270/box,In stock,Powder-free nitrile exam gloves. Thinner and more flexible than standard nitrile. Textured fingertip finish Beaded cuff Chlorinated Ambidextrous Purple color Thickness: at palm 2.0 mils; at fingertips 3.0 mils 300 gloves per box (270 for x-large) Order 10 boxes to purchase a case,"X-large, 270/box","https://www.safcodental.com/media/catalog/product/d/r/drcbm.jpg?width=265&height=265&canvas=265,265&optimize=medium&fit=bounds",,
Aqua Source gloves x-small 200/box,Cranberry,4711902,CR3445,Home > Dental Supplies > Dental Exam Gloves > Nitrile gloves > Aqua Source,https://www.safcodental.com/product/aqua-source-reg,1,19.99,200/box,In stock,Powder-free nitrile exam gloves.,"X-small, 200/box","https://www.safcodental.com/media/catalog/product/d/r/drcbl_2.jpg?width=265&height=265&canvas=265,265&optimize=medium&fit=bounds",,
Aqua Source gloves small 200/box,Cranberry,4711905,CR3446,Home > Dental Supplies > Dental Exam Gloves > Nitrile gloves > Aqua Source,https://www.safcodental.com/product/aqua-source-reg,1,19.99,200/box,Backorder,Powder-free nitrile exam gloves.,"Small, 200/box","https://www.safcodental.com/media/catalog/product/d/r/drcbl_2.jpg?width=265&height=265&canvas=265,265&optimize=medium&fit=bounds",,
Aqua Source gloves medium 200/box,Cranberry,4711908,CR3447,Home > Dental Supplies > Dental Exam Gloves > Nitrile gloves > Aqua Source,https://www.safcodental.com/product/aqua-source-reg,1,19.99,200/box,In stock,Powder-free nitrile exam gloves.,"Medium, 200/box","https://www.safcodental.com/media/catalog/product/d/r/drcbl_2.jpg?width=265&height=265&canvas=265,265&optimize=medium&fit=bounds",,
Aqua Source gloves large 200/box,Cranberry,4711911,CR3448,Home > Dental Supplies > Dental Exam Gloves > Nitrile gloves > Aqua Source,https://www.safcodental.com/product/aqua-source-reg,1,19.99,200/box,Backorder,Powder-free nitrile exam gloves.,"Large, 200/box","https://www.safcodental.com/media/catalog/product/d/r/drcbl_2.jpg?width=265&height=265&canvas=265,265&optimize=medium&fit=bounds",,
Aqua Source gloves x-large 200/box,Cranberry,4711912,CR3449,Home > Dental Supplies > Dental Exam Gloves > Nitrile gloves > Aqua Source,https://www.safcodental.com/product/aqua-source-reg,1,19.99,200/box,In stock,Powder-free nitrile exam gloves.,"X-large, 200/box","https://www.safcodental.com/media/catalog/product/d/r/drcbl_2.jpg?width=265&height=265&canvas=265,265&optimize=medium&fit=bounds",,
XLIM nitrile gloves x-small 100/box,Cranberry,4710520,CR3125,Home > Dental Supplies > Dental Exam Gloves > Nitrile gloves > Xlim,https://www.safcodental.com/product/xlim-reg,1,8.99,100/box,In stock,Powder-free nitrile exam gloves.,"X-small, 100/box","https://www.safcodental.com/media/catalog/product/d/r/drcaj_2.jpg?width=265&height=265&canvas=265,265&optimize=medium&fit=bounds",,
XLIM nitrile gloves small 100/box,Cranberry,4710532,CR3126,Home > Dental Supplies > Dental Exam Gloves > Nitrile gloves > Xlim,https://www.safcodental.com/product/xlim-reg,1,8.99,100/box,In stock,Powder-free nitrile exam gloves.,"Small, 100/box","https://www.safcodental.com/media/catalog/product/d/r/drcaj_2.jpg?width=265&height=265&canvas=265,265&optimize=medium&fit=bounds",,
XLIM nitrile gloves medium 100/box,Cranberry,4710544,CR3127,Home > Dental Supplies > Dental Exam Gloves > Nitrile gloves > Xlim,https://www.safcodental.com/product/xlim-reg,1,8.99,100/box,In stock,Powder-free nitrile exam gloves.,"Medium, 100/box","https://www.safcodental.com/media/catalog/product/d/r/drcaj_2.jpg?width=265&height=265&canvas=265,265&optimize=medium&fit=bounds",,
XLIM nitrile gloves large 100/box,Cranberry,4710556,CR3128,Home > Dental Supplies > Dental Exam Gloves > Nitrile gloves > Xlim,https://www.safcodental.com/product/xlim-reg,1,8.99,100/box,In stock,Powder-free nitrile exam gloves.,"Large, 100/box","https://www.safcodental.com/media/catalog/product/d/r/drcaj_2.jpg?width=265&height=265&canvas=265,265&optimize=medium&fit=bounds",,
XLIM nitrile gloves x-large 100/box,Cranberry,4710568,CR3129,Home > Dental Supplies > Dental Exam Gloves > Nitrile gloves > Xlim,https://www.safcodental.com/product/xlim-reg,1,8.99,100/box,In stock,Powder-free nitrile exam gloves.,"X-large, 100/box","https://www.safcodental.com/media/catalog/product/d/r/drcaj_2.jpg?width=265&height=265&canvas=265,265&optimize=medium&fit=bounds",,
Aurelia Vibrant latex powder-free x-small 100/box,Supermax,4870322,98225,Home > Dental Supplies > Dental Exam Gloves > Latex gloves > Aurelia Vibrant,https://www.safcodental.com/product/aurelia-reg-vibrant-trade,1,7.99,100/box,In stock,Powder-free latex exam gloves.,"x-small, 100/box","https://www.safcodental.com/media/catalog/product/d/r/drbas.jpg?width=265&height=265&canvas=265,265&optimize=medium&fit=bounds",,
Aurelia Vibrant latex powder-free small 100/box,Supermax,4870334,98226,Home > Dental Supplies > Dental Exam Gloves > Latex gloves > Aurelia Vibrant,https://www.safcodental.com/product/aurelia-reg-vibrant-trade,1,7.99,100/box,In stock,Powder-free latex exam gloves.,"small, 100/box","https://www.safcodental.com/media/catalog/product/d/r/drbas.jpg?width=265&height=265&canvas=265,265&optimize=medium&fit=bounds",,
Aurelia Vibrant latex powder-free medium 100/box,Supermax,4870345,98227,Home > Dental Supplies > Dental Exam Gloves > Latex gloves > Aurelia Vibrant,https://www.safcodental.com/product/aurelia-reg-vibrant-trade,1,7.99,100/box,In stock,Powder-free latex exam gloves.,"medium, 100/box","https://www.safcodental.com/media/catalog/product/d/r/drbas.jpg?width=265&height=265&canvas=265,265&optimize=medium&fit=bounds",,
Aurelia Vibrant latex powder-free large 100/box,Supermax,4870357,98228,Home > Dental Supplies > Dental Exam Gloves > Latex gloves > Aurelia Vibrant,https://www.safcodental.com/product/aurelia-reg-vibrant-trade,1,7.99,100/box,In stock,Powder-free latex exam gloves.,"large, 100/box","https://www.safcodental.com/media/catalog/product/d/r/drbas.jpg?width=265&height=265&canvas=265,265&optimize=medium&fit=bounds",,
Compac nitrile gloves PF x-s 100/bag,Cranberry,4710150,CR3905,Home > Dental Supplies > Dental Exam Gloves > Nitrile gloves > Compac Nitrile,https://www.safcodental.com/product/compac-nitrile,1,8.49,100/bag,In stock,"The unique polybag storage design provides up to 2x greater packing efficiency compared to traditional glove boxes, helping optimize space in clinical environments. A secure single-glove dispensing system supports faster and more efficient patient care preparation, while the cuff-first dispensing method helps reduce cross-contamination by up to 89% and minimizes unnecessary touch points.","X-small, 100/bag","https://www.safcodental.com/media/catalog/product/c/r/cranberry_drcdm_4710154.jpg?width=265&height=265&canvas=265,265&optimize=medium&fit=bounds",,
Compac nitrile gloves PF small 100/bag,Safco Dental,4710152,CR3906,Home > Dental Supplies > Dental Exam Gloves > Nitrile gloves > Compac Nitrile,https://www.safcodental.com/product/compac-nitrile,1,8.49,100/bag,In stock,"The unique polybag storage design provides up to 2x greater packing efficiency compared to traditional glove boxes, helping optimize space in clinical environments. A secure single-glove dispensing system supports faster and more efficient patient care preparation, while the cuff-first dispensing method helps reduce cross-contamination by up to 89% and minimizes unnecessary touch points.","Small, 100/bag","https://www.safcodental.com/media/catalog/product/c/r/cranberry_drcdm_4710154.jpg?width=265&height=265&canvas=265,265&optimize=medium&fit=bounds",,
Compac nitrile gloves PF medium 100/bag,Safco Dental,4710154,CR3907,Home > Dental Supplies > Dental Exam Gloves > Nitrile gloves > Compac Nitrile,https://www.safcodental.com/product/compac-nitrile,1,8.49,100/bag,In stock,"The unique polybag storage design provides up to 2x greater packing efficiency compared to traditional glove boxes, helping optimize space in clinical environments. A secure single-glove dispensing system supports faster and more efficient patient care preparation, while the cuff-first dispensing method helps reduce cross-contamination by up to 89% and minimizes unnecessary touch points.","Medium, 100/bag","https://www.safcodental.com/media/catalog/product/c/r/cranberry_drcdm_4710154.jpg?width=265&height=265&canvas=265,265&optimize=medium&fit=bounds",,
Compac nitrile gloves PF large 100/bag,Safco Dental,4710156,CR3908,Home > Dental Supplies > Dental Exam Gloves > Nitrile gloves > Compac Nitrile,https://www.safcodental.com/product/compac-nitrile,1,8.49,100/bag,In stock,"The unique polybag storage design provides up to 2x greater packing efficiency compared to traditional glove boxes, helping optimize space in clinical environments. A secure single-glove dispensing system supports faster and more efficient patient care preparation, while the cuff-first dispensing method helps reduce cross-contamination by up to 89% and minimizes unnecessary touch points.","Large, 100/bag","https://www.safcodental.com/media/catalog/product/c/r/cranberry_drcdm_4710154.jpg?width=265&height=265&canvas=265,265&optimize=medium&fit=bounds",,
Compac nitrile gloves PF x-large 100/bag,Safco Dental,4710158,CR3909,Home > Dental Supplies > Dental Exam Gloves > Nitrile gloves > Compac Nitrile,https://www.safcodental.com/product/compac-nitrile,1,8.49,100/bag,In stock,"The unique polybag storage design provides up to 2x greater packing efficiency compared to traditional glove boxes, helping optimize space in clinical environments. A secure single-glove dispensing system supports faster and more efficient patient care preparation, while the cuff-first dispensing method helps reduce cross-contamination by up to 89% and minimizes unnecessary touch points.","X-large, 100/bag","https://www.safcodental.com/media/catalog/product/c/r/cranberry_drcdm_4710154.jpg?width=265&height=265&canvas=265,265&optimize=medium&fit=bounds",,
RevoSoft nitrile gloves x-small 300/box,Cranberry,4712611,CR3275,Home > Dental Supplies > Dental Exam Gloves > Nitrile gloves > RevoSoft,https://www.safcodental.com/product/revosoft-reg-nitrile-gloves,1,22.99,300/box,In stock,Nitrile powder-free exam gloves.,"X-small, 300/box","https://www.safcodental.com/media/catalog/product/d/r/drccr_2.jpg?width=265&height=265&canvas=265,265&optimize=medium&fit=bounds",,
RevoSoft nitrile gloves x-small 300/box,Cranberry,4712611,CR3275,Home > Dental Supplies > Dental Exam Gloves > Nitrile gloves > RevoSoft,https://www.safcodental.com/product/revosoft-reg-nitrile-gloves,10,22.49,300/box,In stock,Nitrile powder-free exam gloves.,"X-small, 300/box","https://www.safcodental.com/media/catalog/product/d/r/drccr_2.jpg?width=265&height=265&canvas=265,265&optimize=medium&fit=bounds",,
RevoSoft nitrile gloves small 300/box,Cranberry,4712613,CR3276,Home > Dental Supplies > Dental Exam Gloves > Nitrile gloves > RevoSoft,https://www.safcodental.com/product/revosoft-reg-nitrile-gloves,1,22.99,300/box,In stock,Nitrile powder-free exam gloves.,"Small, 300/box","https://www.safcodental.com/media/catalog/product/d/r/drccr_2.jpg?width=265&height=265&canvas=265,265&optimize=medium&fit=bounds",,
RevoSoft nitrile gloves small 300/box,Cranberry,4712613,CR3276,Home > Dental Supplies > Dental Exam Gloves > Nitrile gloves > RevoSoft,https://www.safcodental.com/product/revosoft-reg-nitrile-gloves,10,22.49,300/box,In stock,Nitrile powder-free exam gloves.,"Small, 300/box","https://www.safcodental.com/media/catalog/product/d/r/drccr_2.jpg?width=265&height=265&canvas=265,265&optimize=medium&fit=bounds",,
RevoSoft nitrile gloves medium 300/box,Cranberry,4712615,CR3277,Home > Dental Supplies > Dental Exam Gloves > Nitrile gloves > RevoSoft,https://www.safcodental.com/product/revosoft-reg-nitrile-gloves,1,22.99,300/box,In stock,Nitrile powder-free exam gloves.,"Medium, 300/box","https://www.safcodental.com/media/catalog/product/d/r/drccr_2.jpg?width=265&height=265&canvas=265,265&optimize=medium&fit=bounds",,
RevoSoft nitrile gloves medium 300/box,Cranberry,4712615,CR3277,Home > Dental Supplies > Dental Exam Gloves > Nitrile gloves > RevoSoft,https://www.safcodental.com/product/revosoft-reg-nitrile-gloves,10,22.49,300/box,In stock,Nitrile powder-free exam gloves.,"Medium, 300/box","https://www.safcodental.com/media/catalog/product/d/r/drccr_2.jpg?width=265&height=265&canvas=265,265&optimize=medium&fit=bounds",,
RevoSoft nitrile gloves large 300/box,Cranberry,4712617,CR3278,Home > Dental Supplies > Dental Exam Gloves > Nitrile gloves > RevoSoft,https://www.safcodental.com/product/revosoft-reg-nitrile-gloves,1,22.99,300/box,Backorder,Nitrile powder-free exam gloves.,"Large, 300/box","https://www.safcodental.com/media/catalog/product/d/r/drccr_2.jpg?width=265&height=265&canvas=265,265&optimize=medium&fit=bounds",,
RevoSoft nitrile gloves large 300/box,Cranberry,4712617,CR3278,Home > Dental Supplies > Dental Exam Gloves > Nitrile gloves > RevoSoft,https://www.safcodental.com/product/revosoft-reg-nitrile-gloves,10,22.49,300/box,Backorder,Nitrile powder-free exam gloves.,"Large, 300/box","https://www.safcodental.com/media/catalog/product/d/r/drccr_2.jpg?width=265&height=265&canvas=265,265&optimize=medium&fit=bounds",,
Crave nitrile gloves x-small 200/box,Cranberry,4713502,CR3555,Home > Dental Supplies > Dental Exam Gloves > Nitrile gloves > Crave,https://www.safcodental.com/product/crave-trade,1,19.49,200/box,In stock,Powder-free nitrile exam glove with lanolin and Vitamin E.,"X-small, 200/box","https://www.safcodental.com/media/catalog/product/d/r/drcca_2.jpg?width=265&height=265&canvas=265,265&optimize=medium&fit=bounds",,
Crave nitrile gloves small 200/box,Cranberry,4713504,CR3556,Home > Dental Supplies > Dental Exam Gloves > Nitrile gloves > Crave,https://www.safcodental.com/product/crave-trade,1,19.49,200/box,In stock,Powder-free nitrile exam glove with lanolin and Vitamin E.,"Small, 200/box","https://www.safcodental.com/media/catalog/product/d/r/drcca_2.jpg?width=265&height=265&canvas=265,265&optimize=medium&fit=bounds",,
Crave nitrile gloves medium 200/box,Cranberry,4713506,CR3557,Home > Dental Supplies > Dental Exam Gloves > Nitrile gloves > Crave,https://www.safcodental.com/product/crave-trade,1,19.49,200/box,In stock,Powder-free nitrile exam glove with lanolin and Vitamin E.,"Medium, 200/box","https://www.safcodental.com/media/catalog/product/d/r/drcca_2.jpg?width=265&height=265&canvas=265,265&optimize=medium&fit=bounds",,
Crave nitrile gloves large 200/box,Cranberry,4713508,CR3558,Home > Dental Supplies > Dental Exam Gloves > Nitrile gloves > Crave,https://www.safcodental.com/product/crave-trade,1,19.49,200/box,In stock,Powder-free nitrile exam glove with lanolin and Vitamin E.,"Large, 200/box","https://www.safcodental.com/media/catalog/product/d/r/drcca_2.jpg?width=265&height=265&canvas=265,265&optimize=medium&fit=bounds",,
Nitrilex Black nitrile gloves x-small 200/box,Safco,1027972,1027972,Home > Dental Supplies > Dental Exam Gloves > Nitrile gloves > Safco Nitrilex Black,https://www.safcodental.com/product/safco-nitrilex-black,1,13.29,200/box,In stock,Powder-free nitrile exam gloves.,"X-small, 200/box","https://www.safcodental.com/media/catalog/product/d/r/drccx.jpg?width=265&height=265&canvas=265,265&optimize=medium&fit=bounds",,
Nitrilex Black nitrile gloves x-small 200/box,Safco,1027972,1027972,Home > Dental Supplies > Dental Exam Gloves > Nitrile gloves > Safco Nitrilex Black,https://www.safcodental.com/product/safco-nitrilex-black,10,12.99,200/box,In stock,Powder-free nitrile exam gloves.,"X-small, 200/box","https://www.safcodental.com/media/catalog/product/d/r/drccx.jpg?width=265&height=265&canvas=265,265&optimize=medium&fit=bounds",,
Nitrilex Black nitrile gloves x-small 200/box,Safco,1027972,1027972,Home > Dental Supplies > Dental Exam Gloves > Nitrile gloves > Safco Nitrilex Black,https://www.safcodental.com/product/safco-nitrilex-black,20,10.99,200/box,In stock,Powder-free nitrile exam gloves.,"X-small, 200/box","https://www.safcodental.com/media/catalog/product/d/r/drccx.jpg?width=265&height=265&canvas=265,265&optimize=medium&fit=bounds",,
Nitrilex Black nitrile gloves small 200/box,Safco,1027974,1027974,Home > Dental Supplies > Dental Exam Gloves > Nitrile gloves > Safco Nitrilex Black,https://www.safcodental.com/product/safco-nitrilex-black,1,13.29,200/box,In stock,Powder-free nitrile exam gloves.,"Small, 200/box","https://www.safcodental.com/media/catalog/product/d/r/drccx.jpg?width=265&height=265&canvas=265,265&optimize=medium&fit=bounds",,
Nitrilex Black nitrile gloves small 200/box,Safco,1027974,1027974,Home > Dental Supplies > Dental Exam Gloves > Nitrile gloves > Safco Nitrilex Black,https://www.safcodental.com/product/safco-nitrilex-black,10,12.99,200/box,In stock,Powder-free nitrile exam gloves.,"Small, 200/box","https://www.safcodental.com/media/catalog/product/d/r/drccx.jpg?width=265&height=265&canvas=265,265&optimize=medium&fit=bounds",,
Nitrilex Black nitrile gloves small 200/box,Safco,1027974,1027974,Home > Dental Supplies > Dental Exam Gloves > Nitrile gloves > Safco Nitrilex Black,https://www.safcodental.com/product/safco-nitrilex-black,20,10.99,200/box,In stock,Powder-free nitrile exam gloves.,"Small, 200/box","https://www.safcodental.com/media/catalog/product/d/r/drccx.jpg?width=265&height=265&canvas=265,265&optimize=medium&fit=bounds",,
Nitrilex Black nitrile gloves medium 200/box,Safco,1027976,1027976,Home > Dental Supplies > Dental Exam Gloves > Nitrile gloves > Safco Nitrilex Black,https://www.safcodental.com/product/safco-nitrilex-black,1,13.29,200/box,In stock,Powder-free nitrile exam gloves.,"Medium, 200/box","https://www.safcodental.com/media/catalog/product/d/r/drccx.jpg?width=265&height=265&canvas=265,265&optimize=medium&fit=bounds",,
Nitrilex Black nitrile gloves medium 200/box,Safco,1027976,1027976,Home > Dental Supplies > Dental Exam Gloves > Nitrile gloves > Safco Nitrilex Black,https://www.safcodental.com/product/safco-nitrilex-black,10,12.99,200/box,In stock,Powder-free nitrile exam gloves.,"Medium, 200/box","https://www.safcodental.com/media/catalog/product/d/r/drccx.jpg?width=265&height=265&canvas=265,265&optimize=medium&fit=bounds",,
Nitrilex Black nitrile gloves medium 200/box,Safco,1027976,1027976,Home > Dental Supplies > Dental Exam Gloves > Nitrile gloves > Safco Nitrilex Black,https://www.safcodental.com/product/safco-nitrilex-black,20,10.99,200/box,In stock,Powder-free nitrile exam gloves.,"Medium, 200/box","https://www.safcodental.com/media/catalog/product/d/r/drccx.jpg?width=265&height=265&canvas=265,265&optimize=medium&fit=bounds",,
Nitrilex Black nitrile gloves large 200/box,Safco,1027978,1027978,Home > Dental Supplies > Dental Exam Gloves > Nitrile gloves > Safco Nitrilex Black,https://www.safcodental.com/product/safco-nitrilex-black,1,13.29,200/box,In stock,Powder-free nitrile exam gloves.,"Large, 200/box","https://www.safcodental.com/media/catalog/product/d/r/drccx.jpg?width=265&height=265&canvas=265,265&optimize=medium&fit=bounds",,
Nitrilex Black nitrile gloves large 200/box,Safco,1027978,1027978,Home > Dental Supplies > Dental Exam Gloves > Nitrile gloves > Safco Nitrilex Black,https://www.safcodental.com/product/safco-nitrilex-black,10,12.99,200/box,In stock,Powder-free nitrile exam gloves.,"Large, 200/box","https://www.safcodental.com/media/catalog/product/d/r/drccx.jpg?width=265&height=265&canvas=265,265&optimize=medium&fit=bounds",,
Nitrilex Black nitrile gloves large 200/box,Safco,1027978,1027978,Home > Dental Supplies > Dental Exam Gloves > Nitrile gloves > Safco Nitrilex Black,https://www.safcodental.com/product/safco-nitrilex-black,20,10.99,200/box,In stock,Powder-free nitrile exam gloves.,"Large, 200/box","https://www.safcodental.com/media/catalog/product/d/r/drccx.jpg?width=265&height=265&canvas=265,265&optimize=medium&fit=bounds",,
Nitrilex Black nitrile gloves x-large 200/box,Safco,1027980,1027980,Home > Dental Supplies > Dental Exam Gloves > Nitrile gloves > Safco Nitrilex Black,https://www.safcodental.com/product/safco-nitrilex-black,1,13.29,200/box,In stock,Powder-free nitrile exam gloves.,"X-large, 200/box","https://www.safcodental.com/media/catalog/product/d/r/drccx.jpg?width=265&height=265&canvas=265,265&optimize=medium&fit=bounds",,
Nitrilex Black nitrile gloves x-large 200/box,Safco,1027980,1027980,Home > Dental Supplies > Dental Exam Gloves > Nitrile gloves > Safco Nitrilex Black,https://www.safcodental.com/product/safco-nitrilex-black,10,12.99,200/box,In stock,Powder-free nitrile exam gloves.,"X-large, 200/box","https://www.safcodental.com/media/catalog/product/d/r/drccx.jpg?width=265&height=265&canvas=265,265&optimize=medium&fit=bounds",,
Nitrilex Black nitrile gloves x-large 200/box,Safco,1027980,1027980,Home > Dental Supplies > Dental Exam Gloves > Nitrile gloves > Safco Nitrilex Black,https://www.safcodental.com/product/safco-nitrilex-black,20,10.99,200/box,In stock,Powder-free nitrile exam gloves.,"X-large, 200/box","https://www.safcodental.com/media/catalog/product/d/r/drccx.jpg?width=265&height=265&canvas=265,265&optimize=medium&fit=bounds",,
"HALYARD* Black Nitrile gloves, x-small, 100/box",Halyard,3028412,49439,Home > Dental Supplies > Dental Exam Gloves > Nitrile gloves > Halyard Black Nitrile,https://www.safcodental.com/product/halyard-black-nitrile,1,8.29,100/box,In stock,"HALYARD* Black Nitrile Exam Gloves deliver dependable protection and professional performance for dental professionals. Perfect for clinical and hygiene procedures, these nitrile gloves provide excellent tactile sensitivity and a secure grip with textured fingertips for confident instrument handling. The sleek black color conceals stains, maintaining a clean, modern look in any dental setting. Each box contains 100 gloves in a SMARTPULL* Dispenser designed to reduce waste, improve efficiency, and save valuable operatory space.","x-small, 100/box","https://www.safcodental.com/media/catalog/product/d/r/drcdl.jpg?width=265&height=265&canvas=265,265&optimize=medium&fit=bounds",,
"HALYARD* Black Nitrile gloves, small, 100/box",Halyard,3028414,49440,Home > Dental Supplies > Dental Exam Gloves > Nitrile gloves > Halyard Black Nitrile,https://www.safcodental.com/product/halyard-black-nitrile,1,8.29,100/box,In stock,"HALYARD* Black Nitrile Exam Gloves deliver dependable protection and professional performance for dental professionals. Perfect for clinical and hygiene procedures, these nitrile gloves provide excellent tactile sensitivity and a secure grip with textured fingertips for confident instrument handling. The sleek black color conceals stains, maintaining a clean, modern look in any dental setting. Each box contains 100 gloves in a SMARTPULL* Dispenser designed to reduce waste, improve efficiency, and save valuable operatory space.","small, 100/box","https://www.safcodental.com/media/catalog/product/d/r/drcdl.jpg?width=265&height=265&canvas=265,265&optimize=medium&fit=bounds",,
"HALYARD* Black Nitrile gloves, medium, 100/box",Halyard,3028416,49441,Home > Dental Supplies > Dental Exam Gloves > Nitrile gloves > Halyard Black Nitrile,https://www.safcodental.com/product/halyard-black-nitrile,1,8.29,100/box,In stock,"HALYARD* Black Nitrile Exam Gloves deliver dependable protection and professional performance for dental professionals. Perfect for clinical and hygiene procedures, these nitrile gloves provide excellent tactile sensitivity and a secure grip with textured fingertips for confident instrument handling. The sleek black color conceals stains, maintaining a clean, modern look in any dental setting. Each box contains 100 gloves in a SMARTPULL* Dispenser designed to reduce waste, improve efficiency, and save valuable operatory space.","medium, 100/box","https://www.safcodental.com/media/catalog/product/d/r/drcdl.jpg?width=265&height=265&canvas=265,265&optimize=medium&fit=bounds",,
"HALYARD* Black Nitrile gloves, large, 100/box",Halyard,3028418,49442,Home > Dental Supplies > Dental Exam Gloves > Nitrile gloves > Halyard Black Nitrile,https://www.safcodental.com/product/halyard-black-nitrile,1,8.29,100/box,In stock,"HALYARD* Black Nitrile Exam Gloves deliver dependable protection and professional performance for dental professionals. Perfect for clinical and hygiene procedures, these nitrile gloves provide excellent tactile sensitivity and a secure grip with textured fingertips for confident instrument handling. The sleek black color conceals stains, maintaining a clean, modern look in any dental setting. Each box contains 100 gloves in a SMARTPULL* Dispenser designed to reduce waste, improve efficiency, and save valuable operatory space.","large, 100/box","https://www.safcodental.com/media/catalog/product/d/r/drcdl.jpg?width=265&height=265&canvas=265,265&optimize=medium&fit=bounds",,
"HALYARD* Black Nitrile gloves, x-large, 100/box",Halyard,3028420,49443,Home > Dental Supplies > Dental Exam Gloves > Nitrile gloves > Halyard Black Nitrile,https://www.safcodental.com/product/halyard-black-nitrile,1,8.29,100/box,In stock,"HALYARD* Black Nitrile Exam Gloves deliver dependable protection and professional performance for dental professionals. Perfect for clinical and hygiene procedures, these nitrile gloves provide excellent tactile sensitivity and a secure grip with textured fingertips for confident instrument handling. The sleek black color conceals stains, maintaining a clean, modern look in any dental setting. Each box contains 100 gloves in a SMARTPULL* Dispenser designed to reduce waste, improve efficiency, and save valuable operatory space.","x-large, 100/box","https://www.safcodental.com/media/catalog/product/d/r/drcdl.jpg?width=265&height=265&canvas=265,265&optimize=medium&fit=bounds",,
"Dash Alasta® PRO gloves, x-small, 200/box",Dash,4681214,ALGA200XS,Home > Dental Supplies > Dental Exam Gloves > Nitrile gloves > Alasta Pro,https://www.safcodental.com/product/alasta-pro,1,23.49,200/box,In stock,"Make glove changes faster and easier with Alasta® PRO nitrile dental exam gloves, featuring innovative Glide Assist™ technology that helps you slide into gloves effortlessly — even with damp hands. Designed for dental professionals, the Soft Fit™ formulation provides a comfortable, form-fitting feel that enhances dexterity during procedures.","X-small, 200/box","https://www.safcodental.com/media/catalog/product/d/r/drcdk.jpg?width=265&height=265&canvas=265,265&optimize=medium&fit=bounds",,
"Dash Alasta® PRO gloves, small, 200/box",Dash,4681216,ALGA200S,Home > Dental Supplies > Dental Exam Gloves > Nitrile gloves > Alasta Pro,https://www.safcodental.com/product/alasta-pro,1,23.49,200/box,In stock,"Make glove changes faster and easier with Alasta® PRO nitrile dental exam gloves, featuring innovative Glide Assist™ technology that helps you slide into gloves effortlessly — even with damp hands. Designed for dental professionals, the Soft Fit™ formulation provides a comfortable, form-fitting feel that enhances dexterity during procedures.","Small, 200/box","https://www.safcodental.com/media/catalog/product/d/r/drcdk.jpg?width=265&height=265&canvas=265,265&optimize=medium&fit=bounds",,
"Dash Alasta® PRO gloves, medium, 200/box",Dash,4681218,ALGA200M,Home > Dental Supplies > Dental Exam Gloves > Nitrile gloves > Alasta Pro,https://www.safcodental.com/product/alasta-pro,1,23.49,200/box,In stock,"Make glove changes faster and easier with Alasta® PRO nitrile dental exam gloves, featuring innovative Glide Assist™ technology that helps you slide into gloves effortlessly — even with damp hands. Designed for dental professionals, the Soft Fit™ formulation provides a comfortable, form-fitting feel that enhances dexterity during procedures.","Medium, 200/box","https://www.safcodental.com/media/catalog/product/d/r/drcdk.jpg?width=265&height=265&canvas=265,265&optimize=medium&fit=bounds",,
"Dash Alasta® PRO gloves, large, 200/box",Dash,4681220,ALGA200L,Home > Dental Supplies > Dental Exam Gloves > Nitrile gloves > Alasta Pro,https://www.safcodental.com/product/alasta-pro,1,23.49,200/box,In stock,"Make glove changes faster and easier with Alasta® PRO nitrile dental exam gloves, featuring innovative Glide Assist™ technology that helps you slide into gloves effortlessly — even with damp hands. Designed for dental professionals, the Soft Fit™ formulation provides a comfortable, form-fitting feel that enhances dexterity during procedures.","Large, 200/box","https://www.safcodental.com/media/catalog/product/d/r/drcdk.jpg?width=265&height=265&canvas=265,265&optimize=medium&fit=bounds",,
"Dash Alasta® PRO gloves, x-large, 200/box",Dash,4681222,ALGA200XL,Home > Dental Supplies > Dental Exam Gloves > Nitrile gloves > Alasta Pro,https://www.safcodental.com/product/alasta-pro,1,23.49,200/box,In stock,"Make glove changes faster and easier with Alasta® PRO nitrile dental exam gloves, featuring innovative Glide Assist™ technology that helps you slide into gloves effortlessly — even with damp hands. Designed for dental professionals, the Soft Fit™ formulation provides a comfortable, form-fitting feel that enhances dexterity during procedures.","X-large, 200/box","https://www.safcodental.com/media/catalog/product/d/r/drcdk.jpg?width=265&height=265&canvas=265,265&optimize=medium&fit=bounds",,
Ocean Pacific NeoNatural chloroprene gloves x-small 100/box,Medicom,3150130,1228A,Home > Dental Supplies > Dental Exam Gloves > Chloroprene gloves > Ocean Pacific NeoNatural,https://www.safcodental.com/product/ocean-pacific-sup-reg-sup-neonatural-sup-trade-sup,1,23.49,100/box,In stock,Powder-free chloroprene examination gloves.,"X-Small, 100/box","https://www.safcodental.com/media/catalog/product/d/r/drdas.jpg?width=265&height=265&canvas=265,265&optimize=medium&fit=bounds",,
Ocean Pacific NeoNatural chloroprene gloves x-small 100/box,Medicom,3150130,1228A,Home > Dental Supplies > Dental Exam Gloves > Chloroprene gloves > Ocean Pacific NeoNatural,https://www.safcodental.com/product/ocean-pacific-sup-reg-sup-neonatural-sup-trade-sup,10,22.99,100/box,In stock,Powder-free chloroprene examination gloves.,"X-Small, 100/box","https://www.safcodental.com/media/catalog/product/d/r/drdas.jpg?width=265&height=265&canvas=265,265&optimize=medium&fit=bounds",,
Dash True Comfort Blu x-small 100/box,Dash,4680067,TCB100XS,Home > Dental Supplies > Dental Exam Gloves > Chloroprene gloves > True Comfort Blu,https://www.safcodental.com/product/true-comfort-reg-blu,1,19.49,100/box,In stock,"Powder-free, latex-free, chloroprene examination gloves.","X-small, 100/box","https://www.safcodental.com/media/catalog/product/d/r/drdaq.jpg?width=265&height=265&canvas=265,265&optimize=medium&fit=bounds",,
Dash True Comfort Blu small 100/box,Dash,4680069,TCB100S,Home > Dental Supplies > Dental Exam Gloves > Chloroprene gloves > True Comfort Blu,https://www.safcodental.com/product/true-comfort-reg-blu,1,19.49,100/box,In stock,"Powder-free, latex-free, chloroprene examination gloves.","small, 100/box","https://www.safcodental.com/media/catalog/product/d/r/drdaq.jpg?width=265&height=265&canvas=265,265&optimize=medium&fit=bounds",,
Dash True Comfort Blu medium 100/box,Dash,4680071,TCB100M,Home > Dental Supplies > Dental Exam Gloves > Chloroprene gloves > True Comfort Blu,https://www.safcodental.com/product/true-comfort-reg-blu,1,19.49,100/box,Backorder,"Powder-free, latex-free, chloroprene examination gloves.","medium, 100/box","https://www.safcodental.com/media/catalog/product/d/r/drdaq.jpg?width=265&height=265&canvas=265,265&optimize=medium&fit=bounds",,
Dash True Comfort Blu large 100/box,Dash,4680073,TCB100L,Home > Dental Supplies > Dental Exam Gloves > Chloroprene gloves > True Comfort Blu,https://www.safcodental.com/product/true-comfort-reg-blu,1,19.49,100/box,In stock,"Powder-free, latex-free, chloroprene examination gloves.","large, 100/box","https://www.safcodental.com/media/catalog/product/d/r/drdaq.jpg?width=265&height=265&canvas=265,265&optimize=medium&fit=bounds",,
Dash True Comfort Blu x-large 100/box,Dash,4680075,TCB100XL,Home > Dental Supplies > Dental Exam Gloves > Chloroprene gloves > True Comfort Blu,https://www.safcodental.com/product/true-comfort-reg-blu,1,19.49,100/box,In stock,"Powder-free, latex-free, chloroprene examination gloves.","X-large, 100/box","https://www.safcodental.com/media/catalog/product/d/r/drdaq.jpg?width=265&height=265&canvas=265,265&optimize=medium&fit=bounds",,
Microflex Neogard chloroprene gloves x-small 100/box,Ansell,4750661,C520,Home > Dental Supplies > Dental Exam Gloves > Chloroprene gloves > Neogard,https://www.safcodental.com/product/microflex-sup-reg-sup-neogard-sup-reg-sup,1,32.99,100/box,Backorder,Powder-free chloroprene exam gloves.,"X-small, 100/box","https://www.safcodental.com/media/catalog/product/d/r/drdaf.jpg?width=265&height=265&canvas=265,265&optimize=medium&fit=bounds",,
Microflex Neogard chloroprene gloves x-small 100/box,Ansell,4750661,C520,Home > Dental Supplies > Dental Exam Gloves > Chloroprene gloves > Neogard,https://www.safcodental.com/product/microflex-sup-reg-sup-neogard-sup-reg-sup,10,32.49,100/box,Backorder,Powder-free chloroprene exam gloves.,"X-small, 100/box","https://www.safcodental.com/media/catalog/product/d/r/drdaf.jpg?width=265&height=265&canvas=265,265&optimize=medium&fit=bounds",,
Microflex Neogard chloroprene gloves small 100/box,Ansell,4750663,C521,Home > Dental Supplies > Dental Exam Gloves > Chloroprene gloves > Neogard,https://www.safcodental.com/product/microflex-sup-reg-sup-neogard-sup-reg-sup,1,32.99,100/box,Backorder,Powder-free chloroprene exam gloves.,"Small, 100/box","https://www.safcodental.com/media/catalog/product/d/r/drdaf.jpg?width=265&height=265&canvas=265,265&optimize=medium&fit=bounds",,
Microflex Neogard chloroprene gloves small 100/box,Ansell,4750663,C521,Home > Dental Supplies > Dental Exam Gloves > Chloroprene gloves > Neogard,https://www.safcodental.com/product/microflex-sup-reg-sup-neogard-sup-reg-sup,10,32.49,100/box,Backorder,Powder-free chloroprene exam gloves.,"Small, 100/box","https://www.safcodental.com/media/catalog/product/d/r/drdaf.jpg?width=265&height=265&canvas=265,265&optimize=medium&fit=bounds",,
Microflex Neogard chloroprene gloves medium 100/box,Ansell,4750667,C522,Home > Dental Supplies > Dental Exam Gloves > Chloroprene gloves > Neogard,https://www.safcodental.com/product/microflex-sup-reg-sup-neogard-sup-reg-sup,1,32.99,100/box,In stock,Powder-free chloroprene exam gloves.,"Medium, 100/box","https://www.safcodental.com/media/catalog/product/d/r/drdaf.jpg?width=265&height=265&canvas=265,265&optimize=medium&fit=bounds",,
Microflex Neogard chloroprene gloves medium 100/box,Ansell,4750667,C522,Home > Dental Supplies > Dental Exam Gloves > Chloroprene gloves > Neogard,https://www.safcodental.com/product/microflex-sup-reg-sup-neogard-sup-reg-sup,10,32.49,100/box,In stock,Powder-free chloroprene exam gloves.,"Medium, 100/box","https://www.safcodental.com/media/catalog/product/d/r/drdaf.jpg?width=265&height=265&canvas=265,265&optimize=medium&fit=bounds",,
Microflex Neogard chloroprene gloves large 100/box,Ansell,4750671,C523,Home > Dental Supplies > Dental Exam Gloves > Chloroprene gloves > Neogard,https://www.safcodental.com/product/microflex-sup-reg-sup-neogard-sup-reg-sup,1,32.99,100/box,In stock,Powder-free chloroprene exam gloves.,"Large, 100/box","https://www.safcodental.com/media/catalog/product/d/r/drdaf.jpg?width=265&height=265&canvas=265,265&optimize=medium&fit=bounds",,
Microflex Neogard chloroprene gloves large 100/box,Ansell,4750671,C523,Home > Dental Supplies > Dental Exam Gloves > Chloroprene gloves > Neogard,https://www.safcodental.com/product/microflex-sup-reg-sup-neogard-sup-reg-sup,10,32.49,100/box,In stock,Powder-free chloroprene exam gloves.,"Large, 100/box","https://www.safcodental.com/media/catalog/product/d/r/drdaf.jpg?width=265&height=265&canvas=265,265&optimize=medium&fit=bounds",,
Microflex Neogard chloroprene gloves x-large 100/box,Ansell,4750673,C524,Home > Dental Supplies > Dental Exam Gloves > Chloroprene gloves > Neogard,https://www.safcodental.com/product/microflex-sup-reg-sup-neogard-sup-reg-sup,1,32.99,100/box,In stock,Powder-free chloroprene exam gloves.,"X-large, 100/box","https://www.safcodental.com/media/catalog/product/d/r/drdaf.jpg?width=265&height=265&canvas=265,265&optimize=medium&fit=bounds",,
Microflex Neogard chloroprene gloves x-large 100/box,Ansell,4750673,C524,Home > Dental Supplies > Dental Exam Gloves > Chloroprene gloves > Neogard,https://www.safcodental.com/product/microflex-sup-reg-sup-neogard-sup-reg-sup,10,32.49,100/box,In stock,Powder-free chloroprene exam gloves.,"X-large, 100/box","https://www.safcodental.com/media/catalog/product/d/r/drdaf.jpg?width=265&height=265&canvas=265,265&optimize=medium&fit=bounds",,
Black Maxx nitrile x-small 200/box,Dash,4680090,BMNT200XS,Home > Dental Supplies > Dental Exam Gloves > Nitrile gloves > Black Maxx,https://www.safcodental.com/product/black-maxx-sup-reg-sup,1,24.99,200/box,In stock,Powder-free nitrile exam gloves.,"X-small, 200/box","https://www.safcodental.com/media/catalog/product/d/r/drcdi.jpg?width=265&height=265&canvas=265,265&optimize=medium&fit=bounds",,
Black Maxx nitrile small 200/box,Dash,4680092,BMNT200S,Home > Dental Supplies > Dental Exam Gloves > Nitrile gloves > Black Maxx,https://www.safcodental.com/product/black-maxx-sup-reg-sup,1,24.99,200/box,In stock,Powder-free nitrile exam gloves.,"Small, 200/box","https://www.safcodental.com/media/catalog/product/d/r/drcdi.jpg?width=265&height=265&canvas=265,265&optimize=medium&fit=bounds",,
Black Maxx nitrile medium 200/box,Dash,4680094,BMNT200M,Home > Dental Supplies > Dental Exam Gloves > Nitrile gloves > Black Maxx,https://www.safcodental.com/product/black-maxx-sup-reg-sup,1,24.99,200/box,In stock,Powder-free nitrile exam gloves.,"Medium, 200/box","https://www.safcodental.com/media/catalog/product/d/r/drcdi.jpg?width=265&height=265&canvas=265,265&optimize=medium&fit=bounds",,
Black Maxx nitrile large 200/box,Dash,4680096,BMNT200L,Home > Dental Supplies > Dental Exam Gloves > Nitrile gloves > Black Maxx,https://www.safcodental.com/product/black-maxx-sup-reg-sup,1,24.99,200/box,In stock,Powder-free nitrile exam gloves.,"Large, 200/box","https://www.safcodental.com/media/catalog/product/d/r/drcdi.jpg?width=265&height=265&canvas=265,265&optimize=medium&fit=bounds",,
Black Maxx nitrile x-large 200/box,Dash,4680098,BMNT200XL,Home > Dental Supplies > Dental Exam Gloves > Nitrile gloves > Black Maxx,https://www.safcodental.com/product/black-maxx-sup-reg-sup,1,24.99,200/box,In stock,Powder-free nitrile exam gloves.,"X-large, 200/box","https://www.safcodental.com/media/catalog/product/d/r/drcdi.jpg?width=265&height=265&canvas=265,265&optimize=medium&fit=bounds",,
GloveUp nitrile x-small 300/box,Dash,4680077,GUP300XS,Home > Dental Supplies > Dental Exam Gloves > Nitrile gloves > GloveUp,https://www.safcodental.com/product/gloveup-sup-reg-sup,1,30.99,300/box,In stock,Powder-free nitrile exam gloves.,"X-small, 300/box","https://www.safcodental.com/media/catalog/product/d/r/drcdh.jpg?width=265&height=265&canvas=265,265&optimize=medium&fit=bounds",,
GloveUp nitrile small 300/box,Dash,4680078,GUP300S,Home > Dental Supplies > Dental Exam Gloves > Nitrile gloves > GloveUp,https://www.safcodental.com/product/gloveup-sup-reg-sup,1,30.99,300/box,In stock,Powder-free nitrile exam gloves.,"Small, 300/box","https://www.safcodental.com/media/catalog/product/d/r/drcdh.jpg?width=265&height=265&canvas=265,265&optimize=medium&fit=bounds",,
GloveUp nitrile medium 300/box,Dash,4680079,GUP300M,Home > Dental Supplies > Dental Exam Gloves > Nitrile gloves > GloveUp,https://www.safcodental.com/product/gloveup-sup-reg-sup,1,30.99,300/box,In stock,Powder-free nitrile exam gloves.,"Medium, 300/box","https://www.safcodental.com/media/catalog/product/d/r/drcdh.jpg?width=265&height=265&canvas=265,265&optimize=medium&fit=bounds",,
GloveUp nitrile large 300/box,Dash,4680080,GUP300L,Home > Dental Supplies > Dental Exam Gloves > Nitrile gloves > GloveUp,https://www.safcodental.com/product/gloveup-sup-reg-sup,1,30.99,300/box,In stock,Powder-free nitrile exam gloves.,"Large, 300/box","https://www.safcodental.com/media/catalog/product/d/r/drcdh.jpg?width=265&height=265&canvas=265,265&optimize=medium&fit=bounds",,
GloveUp nitrile x-large 250/box,Dash,4680081,GUP300XL,Home > Dental Supplies > Dental Exam Gloves > Nitrile gloves > GloveUp,https://www.safcodental.com/product/gloveup-sup-reg-sup,1,30.99,250/box,In stock,Powder-free nitrile exam gloves.,"X-large, 250/box","https://www.safcodental.com/media/catalog/product/d/r/drcdh.jpg?width=265&height=265&canvas=265,265&optimize=medium&fit=bounds",,
Cranberry BioNitrile nitrile gloves x-small 300/box,Cranberry,4710068,CR3575,Home > Dental Supplies > Dental Exam Gloves > Nitrile gloves > Bio Nitrile,https://www.safcodental.com/product/bio-nitrile-sup-reg-sup,1,23.99,300/box,In stock,BioNitrile gloves are made with advanced biodegradable materials that break down 90% in less than 1.5 years. This reduces permanent waste and means less greenhouse gas emissions.,"X-small, 300/box","https://www.safcodental.com/media/catalog/product/d/r/drcdg.jpg?width=265&height=265&canvas=265,265&optimize=medium&fit=bounds",,
Cranberry BioNitrile nitrile gloves x-small 300/box,Cranberry,4710068,CR3575,Home > Dental Supplies > Dental Exam Gloves > Nitrile gloves > Bio Nitrile,https://www.safcodental.com/product/bio-nitrile-sup-reg-sup,10,23.49,300/box,In stock,BioNitrile gloves are made with advanced biodegradable materials that break down 90% in less than 1.5 years. This reduces permanent waste and means less greenhouse gas emissions.,"X-small, 300/box","https://www.safcodental.com/media/catalog/product/d/r/drcdg.jpg?width=265&height=265&canvas=265,265&optimize=medium&fit=bounds",,
Cranberry BioNitrile nitrile gloves small 300/box,Cranberry,4710070,CR3576,Home > Dental Supplies > Dental Exam Gloves > Nitrile gloves > Bio Nitrile,https://www.safcodental.com/product/bio-nitrile-sup-reg-sup,1,23.99,300/box,In stock,BioNitrile gloves are made with advanced biodegradable materials that break down 90% in less than 1.5 years. This reduces permanent waste and means less greenhouse gas emissions.,"Small, 300/box","https://www.safcodental.com/media/catalog/product/d/r/drcdg.jpg?width=265&height=265&canvas=265,265&optimize=medium&fit=bounds",,
Cranberry BioNitrile nitrile gloves small 300/box,Cranberry,4710070,CR3576,Home > Dental Supplies > Dental Exam Gloves > Nitrile gloves > Bio Nitrile,https://www.safcodental.com/product/bio-nitrile-sup-reg-sup,10,23.49,300/box,In stock,BioNitrile gloves are made with advanced biodegradable materials that break down 90% in less than 1.5 years. This reduces permanent waste and means less greenhouse gas emissions.,"Small, 300/box","https://www.safcodental.com/media/catalog/product/d/r/drcdg.jpg?width=265&height=265&canvas=265,265&optimize=medium&fit=bounds",,
Cranberry BioNitrile nitrile gloves medium 300/box,Cranberry,4710072,CR3577,Home > Dental Supplies > Dental Exam Gloves > Nitrile gloves > Bio Nitrile,https://www.safcodental.com/product/bio-nitrile-sup-reg-sup,1,23.99,300/box,In stock,BioNitrile gloves are made with advanced biodegradable materials that break down 90% in less than 1.5 years. This reduces permanent waste and means less greenhouse gas emissions.,"Medium, 300/box","https://www.safcodental.com/media/catalog/product/d/r/drcdg.jpg?width=265&height=265&canvas=265,265&optimize=medium&fit=bounds",,
Cranberry BioNitrile nitrile gloves medium 300/box,Cranberry,4710072,CR3577,Home > Dental Supplies > Dental Exam Gloves > Nitrile gloves > Bio Nitrile,https://www.safcodental.com/product/bio-nitrile-sup-reg-sup,10,23.49,300/box,In stock,BioNitrile gloves are made with advanced biodegradable materials that break down 90% in less than 1.5 years. This reduces permanent waste and means less greenhouse gas emissions.,"Medium, 300/box","https://www.safcodental.com/media/catalog/product/d/r/drcdg.jpg?width=265&height=265&canvas=265,265&optimize=medium&fit=bounds",,
Cranberry BioNitrile nitrile gloves large 300/box,Cranberry,4710074,CR3578,Home > Dental Supplies > Dental Exam Gloves > Nitrile gloves > Bio Nitrile,https://www.safcodental.com/product/bio-nitrile-sup-reg-sup,1,23.99,300/box,In stock,BioNitrile gloves are made with advanced biodegradable materials that break down 90% in less than 1.5 years. This reduces permanent waste and means less greenhouse gas emissions.,"Large, 300/box","https://www.safcodental.com/media/catalog/product/d/r/drcdg.jpg?width=265&height=265&canvas=265,265&optimize=medium&fit=bounds",,
Cranberry BioNitrile nitrile gloves large 300/box,Cranberry,4710074,CR3578,Home > Dental Supplies > Dental Exam Gloves > Nitrile gloves > Bio Nitrile,https://www.safcodental.com/product/bio-nitrile-sup-reg-sup,10,23.49,300/box,In stock,BioNitrile gloves are made with advanced biodegradable materials that break down 90% in less than 1.5 years. This reduces permanent waste and means less greenhouse gas emissions.,"Large, 300/box","https://www.safcodental.com/media/catalog/product/d/r/drcdg.jpg?width=265&height=265&canvas=265,265&optimize=medium&fit=bounds",,
Cranberry BioNitrile nitrile gloves x-large 250/box,Cranberry,4710076,CR3579,Home > Dental Supplies > Dental Exam Gloves > Nitrile gloves > Bio Nitrile,https://www.safcodental.com/product/bio-nitrile-sup-reg-sup,1,23.99,250/box,In stock,BioNitrile gloves are made with advanced biodegradable materials that break down 90% in less than 1.5 years. This reduces permanent waste and means less greenhouse gas emissions.,"X-large, 250/box","https://www.safcodental.com/media/catalog/product/d/r/drcdg.jpg?width=265&height=265&canvas=265,265&optimize=medium&fit=bounds",,
Cranberry BioNitrile nitrile gloves x-large 250/box,Cranberry,4710076,CR3579,Home > Dental Supplies > Dental Exam Gloves > Nitrile gloves > Bio Nitrile,https://www.safcodental.com/product/bio-nitrile-sup-reg-sup,10,23.49,250/box,In stock,BioNitrile gloves are made with advanced biodegradable materials that break down 90% in less than 1.5 years. This reduces permanent waste and means less greenhouse gas emissions.,"X-large, 250/box","https://www.safcodental.com/media/catalog/product/d/r/drcdg.jpg?width=265&height=265&canvas=265,265&optimize=medium&fit=bounds",,
Cranberry Carbon Air nitrile gloves x-small 300/box,Cranberry,4712120,CR3265,Home > Dental Supplies > Dental Exam Gloves > Nitrile gloves > Carbon Air,https://www.safcodental.com/product/carbon-reg-air,1,23.79,300/box,In stock,Powder-free nitrile exam gloves.,"X-small, 300/box","https://www.safcodental.com/media/catalog/product/d/r/drccy_2.jpg?width=265&height=265&canvas=265,265&optimize=medium&fit=bounds",,
Cranberry Carbon Air nitrile gloves x-small 300/box,Cranberry,4712120,CR3265,Home > Dental Supplies > Dental Exam Gloves > Nitrile gloves > Carbon Air,https://www.safcodental.com/product/carbon-reg-air,10,23.29,300/box,In stock,Powder-free nitrile exam gloves.,"X-small, 300/box","https://www.safcodental.com/media/catalog/product/d/r/drccy_2.jpg?width=265&height=265&canvas=265,265&optimize=medium&fit=bounds",,
Cranberry Carbon Air nitrile gloves small 300/box,Cranberry,4712122,CR3266,Home > Dental Supplies > Dental Exam Gloves > Nitrile gloves > Carbon Air,https://www.safcodental.com/product/carbon-reg-air,1,23.79,300/box,In stock,Powder-free nitrile exam gloves.,"Small, 300/box","https://www.safcodental.com/media/catalog/product/d/r/drccy_2.jpg?width=265&height=265&canvas=265,265&optimize=medium&fit=bounds",,
Cranberry Carbon Air nitrile gloves small 300/box,Cranberry,4712122,CR3266,Home > Dental Supplies > Dental Exam Gloves > Nitrile gloves > Carbon Air,https://www.safcodental.com/product/carbon-reg-air,10,23.29,300/box,In stock,Powder-free nitrile exam gloves.,"Small, 300/box","https://www.safcodental.com/media/catalog/product/d/r/drccy_2.jpg?width=265&height=265&canvas=265,265&optimize=medium&fit=bounds",,
Cranberry Carbon Air nitrile gloves medium 300/box,Cranberry,4712124,CR3267,Home > Dental Supplies > Dental Exam Gloves > Nitrile gloves > Carbon Air,https://www.safcodental.com/product/carbon-reg-air,1,23.79,300/box,In stock,Powder-free nitrile exam gloves.,"Medium, 300/box","https://www.safcodental.com/media/catalog/product/d/r/drccy_2.jpg?width=265&height=265&canvas=265,265&optimize=medium&fit=bounds",,
Cranberry Carbon Air nitrile gloves medium 300/box,Cranberry,4712124,CR3267,Home > Dental Supplies > Dental Exam Gloves > Nitrile gloves > Carbon Air,https://www.safcodental.com/product/carbon-reg-air,10,23.29,300/box,In stock,Powder-free nitrile exam gloves.,"Medium, 300/box","https://www.safcodental.com/media/catalog/product/d/r/drccy_2.jpg?width=265&height=265&canvas=265,265&optimize=medium&fit=bounds",,
Cranberry Carbon Air nitrile gloves large 300/box,Cranberry,4712126,CR3268,Home > Dental Supplies > Dental Exam Gloves > Nitrile gloves > Carbon Air,https://www.safcodental.com/product/carbon-reg-air,1,23.79,300/box,In stock,Powder-free nitrile exam gloves.,"Large, 300/box","https://www.safcodental.com/media/catalog/product/d/r/drccy_2.jpg?width=265&height=265&canvas=265,265&optimize=medium&fit=bounds",,
Cranberry Carbon Air nitrile gloves large 300/box,Cranberry,4712126,CR3268,Home > Dental Supplies > Dental Exam Gloves > Nitrile gloves > Carbon Air,https://www.safcodental.com/product/carbon-reg-air,10,23.29,300/box,In stock,Powder-free nitrile exam gloves.,"Large, 300/box","https://www.safcodental.com/media/catalog/product/d/r/drccy_2.jpg?width=265&height=265&canvas=265,265&optimize=medium&fit=bounds",,
Cranberry Carbon Air nitrile gloves x-large 250/box,Cranberry,4712128,CR3269,Home > Dental Supplies > Dental Exam Gloves > Nitrile gloves > Carbon Air,https://www.safcodental.com/product/carbon-reg-air,1,23.79,250/box,In stock,Powder-free nitrile exam gloves.,"X-large, 250/box","https://www.safcodental.com/media/catalog/product/d/r/drccy_2.jpg?width=265&height=265&canvas=265,265&optimize=medium&fit=bounds",,
Cranberry Carbon Air nitrile gloves x-large 250/box,Cranberry,4712128,CR3269,Home > Dental Supplies > Dental Exam Gloves > Nitrile gloves > Carbon Air,https://www.safcodental.com/product/carbon-reg-air,10,23.29,250/box,In stock,Powder-free nitrile exam gloves.,"X-large, 250/box","https://www.safcodental.com/media/catalog/product/d/r/drccy_2.jpg?width=265&height=265&canvas=265,265&optimize=medium&fit=bounds",,
BeeSure UltraSlim Nitrile gloves x-small 350/box,EcoBee,4712110,BE1155,Home > Dental Supplies > Dental Exam Gloves > Nitrile gloves > BeeSure UltraSlim Nitrile,https://www.safcodental.com/product/beesure-ultraslim-nitrile,1,25.49,350/box,In stock,Powder-free nitrile exam gloves.,"X-small, 350/box","https://www.safcodental.com/media/catalog/product/d/r/drccw.jpg?width=265&height=265&canvas=265,265&optimize=medium&fit=bounds",,
BeeSure UltraSlim Nitrile gloves x-small 350/box,EcoBee,4712110,BE1155,Home > Dental Supplies > Dental Exam Gloves > Nitrile gloves > BeeSure UltraSlim Nitrile,https://www.safcodental.com/product/beesure-ultraslim-nitrile,10,24.99,350/box,In stock,Powder-free nitrile exam gloves.,"X-small, 350/box","https://www.safcodental.com/media/catalog/product/d/r/drccw.jpg?width=265&height=265&canvas=265,265&optimize=medium&fit=bounds",,
BeeSure UltraSlim Nitrile gloves small 350/box,EcoBee,4712112,BE1156,Home > Dental Supplies > Dental Exam Gloves > Nitrile gloves > BeeSure UltraSlim Nitrile,https://www.safcodental.com/product/beesure-ultraslim-nitrile,1,25.49,350/box,In stock,Powder-free nitrile exam gloves.,"Small, 350/box","https://www.safcodental.com/media/catalog/product/d/r/drccw.jpg?width=265&height=265&canvas=265,265&optimize=medium&fit=bounds",,
BeeSure UltraSlim Nitrile gloves small 350/box,EcoBee,4712112,BE1156,Home > Dental Supplies > Dental Exam Gloves > Nitrile gloves > BeeSure UltraSlim Nitrile,https://www.safcodental.com/product/beesure-ultraslim-nitrile,10,24.99,350/box,In stock,Powder-free nitrile exam gloves.,"Small, 350/box","https://www.safcodental.com/media/catalog/product/d/r/drccw.jpg?width=265&height=265&canvas=265,265&optimize=medium&fit=bounds",,
BeeSure UltraSlim Nitrile gloves medium 350/box,EcoBee,4712114,BE1157,Home > Dental Supplies > Dental Exam Gloves > Nitrile gloves > BeeSure UltraSlim Nitrile,https://www.safcodental.com/product/beesure-ultraslim-nitrile,1,25.49,350/box,In stock,Powder-free nitrile exam gloves.,"Medium, 350/box","https://www.safcodental.com/media/catalog/product/d/r/drccw.jpg?width=265&height=265&canvas=265,265&optimize=medium&fit=bounds",,
BeeSure UltraSlim Nitrile gloves medium 350/box,EcoBee,4712114,BE1157,Home > Dental Supplies > Dental Exam Gloves > Nitrile gloves > BeeSure UltraSlim Nitrile,https://www.safcodental.com/product/beesure-ultraslim-nitrile,10,24.99,350/box,In stock,Powder-free nitrile exam gloves.,"Medium, 350/box","https://www.safcodental.com/media/catalog/product/d/r/drccw.jpg?width=265&height=265&canvas=265,265&optimize=medium&fit=bounds",,
BeeSure UltraSlim Nitrile gloves large 300/box,EcoBee,4712116,BE1158,Home > Dental Supplies > Dental Exam Gloves > Nitrile gloves > BeeSure UltraSlim Nitrile,https://www.safcodental.com/product/beesure-ultraslim-nitrile,1,25.49,300/box,In stock,Powder-free nitrile exam gloves.,"Large, 300/box","https://www.safcodental.com/media/catalog/product/d/r/drccw.jpg?width=265&height=265&canvas=265,265&optimize=medium&fit=bounds",,
BeeSure UltraSlim Nitrile gloves large 300/box,EcoBee,4712116,BE1158,Home > Dental Supplies > Dental Exam Gloves > Nitrile gloves > BeeSure UltraSlim Nitrile,https://www.safcodental.com/product/beesure-ultraslim-nitrile,10,24.99,300/box,In stock,Powder-free nitrile exam gloves.,"Large, 300/box","https://www.safcodental.com/media/catalog/product/d/r/drccw.jpg?width=265&height=265&canvas=265,265&optimize=medium&fit=bounds",,
Alasta Shimmer Pink Nitrile gloves x-small 100/box,Dash,4680055,PNK100XS,Home > Dental Supplies > Dental Exam Gloves > Nitrile gloves > Alasta Shimmer Pink Nitrile,https://www.safcodental.com/product/alasta-sup-reg-sup-shimmer-pink-nitrile,1,13.49,100/box,In stock,Powder-free nitrile exam gloves.,"X-small, 100/box","https://www.safcodental.com/media/catalog/product/d/r/drccv.jpg?width=265&height=265&canvas=265,265&optimize=medium&fit=bounds",,
Alasta Shimmer Pink Nitrile gloves small 100/box,Dash,4680058,PNK100S,Home > Dental Supplies > Dental Exam Gloves > Nitrile gloves > Alasta Shimmer Pink Nitrile,https://www.safcodental.com/product/alasta-sup-reg-sup-shimmer-pink-nitrile,1,13.49,100/box,In stock,Powder-free nitrile exam gloves.,"Small, 100/box","https://www.safcodental.com/media/catalog/product/d/r/drccv.jpg?width=265&height=265&canvas=265,265&optimize=medium&fit=bounds",,
Alasta Shimmer Pink Nitrile gloves medium 100/box,Dash,4680061,PNK100M,Home > Dental Supplies > Dental Exam Gloves > Nitrile gloves > Alasta Shimmer Pink Nitrile,https://www.safcodental.com/product/alasta-sup-reg-sup-shimmer-pink-nitrile,1,13.49,100/box,In stock,Powder-free nitrile exam gloves.,"Medium, 100/box","https://www.safcodental.com/media/catalog/product/d/r/drccv.jpg?width=265&height=265&canvas=265,265&optimize=medium&fit=bounds",,
Alasta Shimmer Pink Nitrile gloves large 100/box,Dash,4680064,PNK100L,Home > Dental Supplies > Dental Exam Gloves > Nitrile gloves > Alasta Shimmer Pink Nitrile,https://www.safcodental.com/product/alasta-sup-reg-sup-shimmer-pink-nitrile,1,13.49,100/box,In stock,Powder-free nitrile exam gloves.,"Large, 100/box","https://www.safcodental.com/media/catalog/product/d/r/drccv.jpg?width=265&height=265&canvas=265,265&optimize=medium&fit=bounds",,
Microflex Xceed nitrile gloves x-small 250/box,Ansell,4751200,XC-310-XS,Home > Dental Supplies > Dental Exam Gloves > Nitrile gloves > Microflex Xceed,https://www.safcodental.com/product/microflex-reg-xceed-reg,1,34.49,250/box,In stock,"Powder-free nitrile examination gloves. Microflex XCEED gloves are manufactured without sulfur-based chemical accelerants for low dermatitis potential and prevent instances of Type 1 latex allergies and Type IV chemical allergic reactions. Boasts stronger formulation to protect against rips and tears while keeping the same tactile sensitivity. Designed with proprietary ergonomic design technology to support musculoskeletal health and increase worker productivity. With low 0.65 AQL, these gloves offer advanced barrier integrity. The 1st exam glove certified as ergonomic by US Ergo. Textured fingertip finish Beaded cuff Chlorinated Ambidextrous Blue color Thickness: at palm 2.8 mils; at fingertip 3.5 mils 250 gloves per box (230 for x-large) Order 10 boxes to purchase a case","X-small, 250/box","https://www.safcodental.com/media/catalog/product/d/r/drcbc.jpg?width=265&height=265&canvas=265,265&optimize=medium&fit=bounds",,
Microflex Xceed nitrile gloves x-small 250/box,Ansell,4751200,XC-310-XS,Home > Dental Supplies > Dental Exam Gloves > Nitrile gloves > Microflex Xceed,https://www.safcodental.com/product/microflex-reg-xceed-reg,10,33.99,250/box,In stock,"Powder-free nitrile examination gloves. Microflex XCEED gloves are manufactured without sulfur-based chemical accelerants for low dermatitis potential and prevent instances of Type 1 latex allergies and Type IV chemical allergic reactions. Boasts stronger formulation to protect against rips and tears while keeping the same tactile sensitivity. Designed with proprietary ergonomic design technology to support musculoskeletal health and increase worker productivity. With low 0.65 AQL, these gloves offer advanced barrier integrity. The 1st exam glove certified as ergonomic by US Ergo. Textured fingertip finish Beaded cuff Chlorinated Ambidextrous Blue color Thickness: at palm 2.8 mils; at fingertip 3.5 mils 250 gloves per box (230 for x-large) Order 10 boxes to purchase a case","X-small, 250/box","https://www.safcodental.com/media/catalog/product/d/r/drcbc.jpg?width=265&height=265&canvas=265,265&optimize=medium&fit=bounds",,
Microflex Xceed nitrile gloves small 250/box,Ansell,4751205,XC-310-S,Home > Dental Supplies > Dental Exam Gloves > Nitrile gloves > Microflex Xceed,https://www.safcodental.com/product/microflex-reg-xceed-reg,1,34.49,250/box,In stock,"Powder-free nitrile examination gloves. Microflex XCEED gloves are manufactured without sulfur-based chemical accelerants for low dermatitis potential and prevent instances of Type 1 latex allergies and Type IV chemical allergic reactions. Boasts stronger formulation to protect against rips and tears while keeping the same tactile sensitivity. Designed with proprietary ergonomic design technology to support musculoskeletal health and increase worker productivity. With low 0.65 AQL, these gloves offer advanced barrier integrity. The 1st exam glove certified as ergonomic by US Ergo. Textured fingertip finish Beaded cuff Chlorinated Ambidextrous Blue color Thickness: at palm 2.8 mils; at fingertip 3.5 mils 250 gloves per box (230 for x-large) Order 10 boxes to purchase a case","Small, 250/box","https://www.safcodental.com/media/catalog/product/d/r/drcbc.jpg?width=265&height=265&canvas=265,265&optimize=medium&fit=bounds",,
Microflex Xceed nitrile gloves small 250/box,Ansell,4751205,XC-310-S,Home > Dental Supplies > Dental Exam Gloves > Nitrile gloves > Microflex Xceed,https://www.safcodental.com/product/microflex-reg-xceed-reg,10,33.99,250/box,In stock,"Powder-free nitrile examination gloves. Microflex XCEED gloves are manufactured without sulfur-based chemical accelerants for low dermatitis potential and prevent instances of Type 1 latex allergies and Type IV chemical allergic reactions. Boasts stronger formulation to protect against rips and tears while keeping the same tactile sensitivity. Designed with proprietary ergonomic design technology to support musculoskeletal health and increase worker productivity. With low 0.65 AQL, these gloves offer advanced barrier integrity. The 1st exam glove certified as ergonomic by US Ergo. Textured fingertip finish Beaded cuff Chlorinated Ambidextrous Blue color Thickness: at palm 2.8 mils; at fingertip 3.5 mils 250 gloves per box (230 for x-large) Order 10 boxes to purchase a case","Small, 250/box","https://www.safcodental.com/media/catalog/product/d/r/drcbc.jpg?width=265&height=265&canvas=265,265&optimize=medium&fit=bounds",,
Microflex Xceed nitrile gloves medium 250/box,Ansell,4751213,XC-310-M,Home > Dental Supplies > Dental Exam Gloves > Nitrile gloves > Microflex Xceed,https://www.safcodental.com/product/microflex-reg-xceed-reg,1,34.49,250/box,In stock,"Powder-free nitrile examination gloves. Microflex XCEED gloves are manufactured without sulfur-based chemical accelerants for low dermatitis potential and prevent instances of Type 1 latex allergies and Type IV chemical allergic reactions. Boasts stronger formulation to protect against rips and tears while keeping the same tactile sensitivity. Designed with proprietary ergonomic design technology to support musculoskeletal health and increase worker productivity. With low 0.65 AQL, these gloves offer advanced barrier integrity. The 1st exam glove certified as ergonomic by US Ergo. Textured fingertip finish Beaded cuff Chlorinated Ambidextrous Blue color Thickness: at palm 2.8 mils; at fingertip 3.5 mils 250 gloves per box (230 for x-large) Order 10 boxes to purchase a case","Medium, 250/box","https://www.safcodental.com/media/catalog/product/d/r/drcbc.jpg?width=265&height=265&canvas=265,265&optimize=medium&fit=bounds",,
Microflex Xceed nitrile gloves medium 250/box,Ansell,4751213,XC-310-M,Home > Dental Supplies > Dental Exam Gloves > Nitrile gloves > Microflex Xceed,https://www.safcodental.com/product/microflex-reg-xceed-reg,10,33.99,250/box,In stock,"Powder-free nitrile examination gloves. Microflex XCEED gloves are manufactured without sulfur-based chemical accelerants for low dermatitis potential and prevent instances of Type 1 latex allergies and Type IV chemical allergic reactions. Boasts stronger formulation to protect against rips and tears while keeping the same tactile sensitivity. Designed with proprietary ergonomic design technology to support musculoskeletal health and increase worker productivity. With low 0.65 AQL, these gloves offer advanced barrier integrity. The 1st exam glove certified as ergonomic by US Ergo. Textured fingertip finish Beaded cuff Chlorinated Ambidextrous Blue color Thickness: at palm 2.8 mils; at fingertip 3.5 mils 250 gloves per box (230 for x-large) Order 10 boxes to purchase a case","Medium, 250/box","https://www.safcodental.com/media/catalog/product/d/r/drcbc.jpg?width=265&height=265&canvas=265,265&optimize=medium&fit=bounds",,
Microflex Xceed nitrile gloves large 250/box,Ansell,4751218,XC-310-L,Home > Dental Supplies > Dental Exam Gloves > Nitrile gloves > Microflex Xceed,https://www.safcodental.com/product/microflex-reg-xceed-reg,1,34.49,250/box,In stock,"Powder-free nitrile examination gloves. Microflex XCEED gloves are manufactured without sulfur-based chemical accelerants for low dermatitis potential and prevent instances of Type 1 latex allergies and Type IV chemical allergic reactions. Boasts stronger formulation to protect against rips and tears while keeping the same tactile sensitivity. Designed with proprietary ergonomic design technology to support musculoskeletal health and increase worker productivity. With low 0.65 AQL, these gloves offer advanced barrier integrity. The 1st exam glove certified as ergonomic by US Ergo. Textured fingertip finish Beaded cuff Chlorinated Ambidextrous Blue color Thickness: at palm 2.8 mils; at fingertip 3.5 mils 250 gloves per box (230 for x-large) Order 10 boxes to purchase a case","Large, 250/box","https://www.safcodental.com/media/catalog/product/d/r/drcbc.jpg?width=265&height=265&canvas=265,265&optimize=medium&fit=bounds",,
Microflex Xceed nitrile gloves large 250/box,Ansell,4751218,XC-310-L,Home > Dental Supplies > Dental Exam Gloves > Nitrile gloves > Microflex Xceed,https://www.safcodental.com/product/microflex-reg-xceed-reg,10,33.99,250/box,In stock,"Powder-free nitrile examination gloves. Microflex XCEED gloves are manufactured without sulfur-based chemical accelerants for low dermatitis potential and prevent instances of Type 1 latex allergies and Type IV chemical allergic reactions. Boasts stronger formulation to protect against rips and tears while keeping the same tactile sensitivity. Designed with proprietary ergonomic design technology to support musculoskeletal health and increase worker productivity. With low 0.65 AQL, these gloves offer advanced barrier integrity. The 1st exam glove certified as ergonomic by US Ergo. Textured fingertip finish Beaded cuff Chlorinated Ambidextrous Blue color Thickness: at palm 2.8 mils; at fingertip 3.5 mils 250 gloves per box (230 for x-large) Order 10 boxes to purchase a case","Large, 250/box","https://www.safcodental.com/media/catalog/product/d/r/drcbc.jpg?width=265&height=265&canvas=265,265&optimize=medium&fit=bounds",,
Microflex Xceed nitrile gloves x-large 230/box,Ansell,4751221,XC-310-XL,Home > Dental Supplies > Dental Exam Gloves > Nitrile gloves > Microflex Xceed,https://www.safcodental.com/product/microflex-reg-xceed-reg,1,34.49,230/box,In stock,"Powder-free nitrile examination gloves. Microflex XCEED gloves are manufactured without sulfur-based chemical accelerants for low dermatitis potential and prevent instances of Type 1 latex allergies and Type IV chemical allergic reactions. Boasts stronger formulation to protect against rips and tears while keeping the same tactile sensitivity. Designed with proprietary ergonomic design technology to support musculoskeletal health and increase worker productivity. With low 0.65 AQL, these gloves offer advanced barrier integrity. The 1st exam glove certified as ergonomic by US Ergo. Textured fingertip finish Beaded cuff Chlorinated Ambidextrous Blue color Thickness: at palm 2.8 mils; at fingertip 3.5 mils 250 gloves per box (230 for x-large) Order 10 boxes to purchase a case","X-large, 230/box","https://www.safcodental.com/media/catalog/product/d/r/drcbc.jpg?width=265&height=265&canvas=265,265&optimize=medium&fit=bounds",,
Microflex Xceed nitrile gloves x-large 230/box,Ansell,4751221,XC-310-XL,Home > Dental Supplies > Dental Exam Gloves > Nitrile gloves > Microflex Xceed,https://www.safcodental.com/product/microflex-reg-xceed-reg,10,33.99,230/box,In stock,"Powder-free nitrile examination gloves. Microflex XCEED gloves are manufactured without sulfur-based chemical accelerants for low dermatitis potential and prevent instances of Type 1 latex allergies and Type IV chemical allergic reactions. Boasts stronger formulation to protect against rips and tears while keeping the same tactile sensitivity. Designed with proprietary ergonomic design technology to support musculoskeletal health and increase worker productivity. With low 0.65 AQL, these gloves offer advanced barrier integrity. The 1st exam glove certified as ergonomic by US Ergo. Textured fingertip finish Beaded cuff Chlorinated Ambidextrous Blue color Thickness: at palm 2.8 mils; at fingertip 3.5 mils 250 gloves per box (230 for x-large) Order 10 boxes to purchase a case","X-large, 230/box","https://www.safcodental.com/media/catalog/product/d/r/drcbc.jpg?width=265&height=265&canvas=265,265&optimize=medium&fit=bounds",,
BeeSure Nitrile gloves x-small 100/box,EcoBee,4711201,BE1115,Home > Dental Supplies > Dental Exam Gloves > Nitrile gloves > BeeSure Nitrile,https://www.safcodental.com/product/beesure-sup-reg-sup-nitrile,1,8.99,100/box,In stock,Powder-free nitrile exam gloves. Ultrasoft nitrile formulation for latex-like comfort. Textured fingertip finish. Beaded cuff. Non-chlorinated. Ambidextrous. Blue color. Thickness: at palm 3 mils; at fingertip 4 mils; ± 0.8. 100 gloves per box. Order 10 boxes to purchase a case.,"X-small, 100/box","https://www.safcodental.com/media/catalog/product/d/r/drcaz.jpg?width=265&height=265&canvas=265,265&optimize=medium&fit=bounds",,
BeeSure Nitrile gloves x-small 100/box,EcoBee,4711201,BE1115,Home > Dental Supplies > Dental Exam Gloves > Nitrile gloves > BeeSure Nitrile,https://www.safcodental.com/product/beesure-sup-reg-sup-nitrile,10,8.59,100/box,In stock,Powder-free nitrile exam gloves. Ultrasoft nitrile formulation for latex-like comfort. Textured fingertip finish. Beaded cuff. Non-chlorinated. Ambidextrous. Blue color. Thickness: at palm 3 mils; at fingertip 4 mils; ± 0.8. 100 gloves per box. Order 10 boxes to purchase a case.,"X-small, 100/box","https://www.safcodental.com/media/catalog/product/d/r/drcaz.jpg?width=265&height=265&canvas=265,265&optimize=medium&fit=bounds",,
BeeSure Nitrile gloves small 100/box,EcoBee,4711215,BE1116,Home > Dental Supplies > Dental Exam Gloves > Nitrile gloves > BeeSure Nitrile,https://www.safcodental.com/product/beesure-sup-reg-sup-nitrile,1,8.99,100/box,In stock,Powder-free nitrile exam gloves. Ultrasoft nitrile formulation for latex-like comfort. Textured fingertip finish. Beaded cuff. Non-chlorinated. Ambidextrous. Blue color. Thickness: at palm 3 mils; at fingertip 4 mils; ± 0.8. 100 gloves per box. Order 10 boxes to purchase a case.,"Small, 100/box","https://www.safcodental.com/media/catalog/product/d/r/drcaz.jpg?width=265&height=265&canvas=265,265&optimize=medium&fit=bounds",,
BeeSure Nitrile gloves small 100/box,EcoBee,4711215,BE1116,Home > Dental Supplies > Dental Exam Gloves > Nitrile gloves > BeeSure Nitrile,https://www.safcodental.com/product/beesure-sup-reg-sup-nitrile,10,8.59,100/box,In stock,Powder-free nitrile exam gloves. Ultrasoft nitrile formulation for latex-like comfort. Textured fingertip finish. Beaded cuff. Non-chlorinated. Ambidextrous. Blue color. Thickness: at palm 3 mils; at fingertip 4 mils; ± 0.8. 100 gloves per box. Order 10 boxes to purchase a case.,"Small, 100/box","https://www.safcodental.com/media/catalog/product/d/r/drcaz.jpg?width=265&height=265&canvas=265,265&optimize=medium&fit=bounds",,
BeeSure Nitrile gloves medium 100/box,EcoBee,4711223,BE1117,Home > Dental Supplies > Dental Exam Gloves > Nitrile gloves > BeeSure Nitrile,https://www.safcodental.com/product/beesure-sup-reg-sup-nitrile,1,8.99,100/box,In stock,Powder-free nitrile exam gloves. Ultrasoft nitrile formulation for latex-like comfort. Textured fingertip finish. Beaded cuff. Non-chlorinated. Ambidextrous. Blue color. Thickness: at palm 3 mils; at fingertip 4 mils; ± 0.8. 100 gloves per box. Order 10 boxes to purchase a case.,"Medium, 100/box","https://www.safcodental.com/media/catalog/product/d/r/drcaz.jpg?width=265&height=265&canvas=265,265&optimize=medium&fit=bounds",,
BeeSure Nitrile gloves medium 100/box,EcoBee,4711223,BE1117,Home > Dental Supplies > Dental Exam Gloves > Nitrile gloves > BeeSure Nitrile,https://www.safcodental.com/product/beesure-sup-reg-sup-nitrile,10,8.59,100/box,In stock,Powder-free nitrile exam gloves. Ultrasoft nitrile formulation for latex-like comfort. Textured fingertip finish. Beaded cuff. Non-chlorinated. Ambidextrous. Blue color. Thickness: at palm 3 mils; at fingertip 4 mils; ± 0.8. 100 gloves per box. Order 10 boxes to purchase a case.,"Medium, 100/box","https://www.safcodental.com/media/catalog/product/d/r/drcaz.jpg?width=265&height=265&canvas=265,265&optimize=medium&fit=bounds",,
BeeSure Nitrile gloves large 100/box,EcoBee,4711235,BE1118,Home > Dental Supplies > Dental Exam Gloves > Nitrile gloves > BeeSure Nitrile,https://www.safcodental.com/product/beesure-sup-reg-sup-nitrile,1,8.99,100/box,In stock,Powder-free nitrile exam gloves. Ultrasoft nitrile formulation for latex-like comfort. Textured fingertip finish. Beaded cuff. Non-chlorinated. Ambidextrous. Blue color. Thickness: at palm 3 mils; at fingertip 4 mils; ± 0.8. 100 gloves per box. Order 10 boxes to purchase a case.,"Large, 100/box","https://www.safcodental.com/media/catalog/product/d/r/drcaz.jpg?width=265&height=265&canvas=265,265&optimize=medium&fit=bounds",,
BeeSure Nitrile gloves large 100/box,EcoBee,4711235,BE1118,Home > Dental Supplies > Dental Exam Gloves > Nitrile gloves > BeeSure Nitrile,https://www.safcodental.com/product/beesure-sup-reg-sup-nitrile,10,8.59,100/box,In stock,Powder-free nitrile exam gloves. Ultrasoft nitrile formulation for latex-like comfort. Textured fingertip finish. Beaded cuff. Non-chlorinated. Ambidextrous. Blue color. Thickness: at palm 3 mils; at fingertip 4 mils; ± 0.8. 100 gloves per box. Order 10 boxes to purchase a case.,"Large, 100/box","https://www.safcodental.com/media/catalog/product/d/r/drcaz.jpg?width=265&height=265&canvas=265,265&optimize=medium&fit=bounds",,
BeeSure Nitrile gloves x-large 100/box,EcoBee,4711238,BE1119,Home > Dental Supplies > Dental Exam Gloves > Nitrile gloves > BeeSure Nitrile,https://www.safcodental.com/product/beesure-sup-reg-sup-nitrile,1,8.99,100/box,In stock,Powder-free nitrile exam gloves. Ultrasoft nitrile formulation for latex-like comfort. Textured fingertip finish. Beaded cuff. Non-chlorinated. Ambidextrous. Blue color. Thickness: at palm 3 mils; at fingertip 4 mils; ± 0.8. 100 gloves per box. Order 10 boxes to purchase a case.,"X-large, 100/box","https://www.safcodental.com/media/catalog/product/d/r/drcaz.jpg?width=265&height=265&canvas=265,265&optimize=medium&fit=bounds",,
BeeSure Nitrile gloves x-large 100/box,EcoBee,4711238,BE1119,Home > Dental Supplies > Dental Exam Gloves > Nitrile gloves > BeeSure Nitrile,https://www.safcodental.com/product/beesure-sup-reg-sup-nitrile,10,8.59,100/box,In stock,Powder-free nitrile exam gloves. Ultrasoft nitrile formulation for latex-like comfort. Textured fingertip finish. Beaded cuff. Non-chlorinated. Ambidextrous. Blue color. Thickness: at palm 3 mils; at fingertip 4 mils; ± 0.8. 100 gloves per box. Order 10 boxes to purchase a case.,"X-large, 100/box","https://www.safcodental.com/media/catalog/product/d/r/drcaz.jpg?width=265&height=265&canvas=265,265&optimize=medium&fit=bounds",,
"Alasta® Aloe gloves x-small, 100/box",Dash,4680805,AA100XS,Home > Dental Supplies > Dental Exam Gloves > Nitrile gloves > Alasta Aloe,https://www.safcodental.com/product/alasta-reg-aloe,1,12.99,100/box,In stock,Soft-Fit™ powder-free nitrile exam gloves.,"X-small, 100/box","https://www.safcodental.com/media/catalog/product/d/r/drcau.jpg?width=265&height=265&canvas=265,265&optimize=medium&fit=bounds",,
"Alasta® Aloe gloves small, 100/box",Dash,4680812,AA100S,Home > Dental Supplies > Dental Exam Gloves > Nitrile gloves > Alasta Aloe,https://www.safcodental.com/product/alasta-reg-aloe,1,12.99,100/box,In stock,Soft-Fit™ powder-free nitrile exam gloves.,"Small, 100/box","https://www.safcodental.com/media/catalog/product/d/r/drcau.jpg?width=265&height=265&canvas=265,265&optimize=medium&fit=bounds",,
"Alasta® Aloe gloves medium, 100/box",Dash,4680820,AA100M,Home > Dental Supplies > Dental Exam Gloves > Nitrile gloves > Alasta Aloe,https://www.safcodental.com/product/alasta-reg-aloe,1,12.99,100/box,In stock,Soft-Fit™ powder-free nitrile exam gloves.,"Medium, 100/box","https://www.safcodental.com/media/catalog/product/d/r/drcau.jpg?width=265&height=265&canvas=265,265&optimize=medium&fit=bounds",,
"Alasta® gloves large, 100/box",Dash,4680827,AA100L,Home > Dental Supplies > Dental Exam Gloves > Nitrile gloves > Alasta Aloe,https://www.safcodental.com/product/alasta-reg-aloe,1,12.99,100/box,In stock,Soft-Fit™ powder-free nitrile exam gloves.,"Large, 100/box","https://www.safcodental.com/media/catalog/product/d/r/drcau.jpg?width=265&height=265&canvas=265,265&optimize=medium&fit=bounds",,
Safco EZ Green Chloroprene gloves x-small 200/bx,Safco,1028046,1028046,Home > Dental Supplies > Dental Exam Gloves > Chloroprene gloves > Safco EZ Green Chloroprene,https://www.safcodental.com/product/safco-ez-green-chloroprene,1,17.99,200/box,In stock,Powder-free chloroprene examination gloves.,"X-small, 200/box","https://www.safcodental.com/media/catalog/product/d/r/drdap.jpg?width=265&height=265&canvas=265,265&optimize=medium&fit=bounds",,
Safco EZ Green Chloroprene gloves x-small 200/bx,Safco,1028046,1028046,Home > Dental Supplies > Dental Exam Gloves > Chloroprene gloves > Safco EZ Green Chloroprene,https://www.safcodental.com/product/safco-ez-green-chloroprene,10,17.49,200/box,In stock,Powder-free chloroprene examination gloves.,"X-small, 200/box","https://www.safcodental.com/media/catalog/product/d/r/drdap.jpg?width=265&height=265&canvas=265,265&optimize=medium&fit=bounds",,
Safco EZ Green Chloroprene gloves x-small 200/bx,Safco,1028046,1028046,Home > Dental Supplies > Dental Exam Gloves > Chloroprene gloves > Safco EZ Green Chloroprene,https://www.safcodental.com/product/safco-ez-green-chloroprene,20,14.99,200/box,In stock,Powder-free chloroprene examination gloves.,"X-small, 200/box","https://www.safcodental.com/media/catalog/product/d/r/drdap.jpg?width=265&height=265&canvas=265,265&optimize=medium&fit=bounds",,
Safco EZ Green Chloroprene gloves small 200/bx,Safco,1028048,1028048,Home > Dental Supplies > Dental Exam Gloves > Chloroprene gloves > Safco EZ Green Chloroprene,https://www.safcodental.com/product/safco-ez-green-chloroprene,1,17.99,200/box,In stock,Powder-free chloroprene examination gloves.,"Small, 200/box","https://www.safcodental.com/media/catalog/product/d/r/drdap.jpg?width=265&height=265&canvas=265,265&optimize=medium&fit=bounds",,
Safco EZ Green Chloroprene gloves small 200/bx,Safco,1028048,1028048,Home > Dental Supplies > Dental Exam Gloves > Chloroprene gloves > Safco EZ Green Chloroprene,https://www.safcodental.com/product/safco-ez-green-chloroprene,10,17.49,200/box,In stock,Powder-free chloroprene examination gloves.,"Small, 200/box","https://www.safcodental.com/media/catalog/product/d/r/drdap.jpg?width=265&height=265&canvas=265,265&optimize=medium&fit=bounds",,
Safco EZ Green Chloroprene gloves small 200/bx,Safco,1028048,1028048,Home > Dental Supplies > Dental Exam Gloves > Chloroprene gloves > Safco EZ Green Chloroprene,https://www.safcodental.com/product/safco-ez-green-chloroprene,20,14.99,200/box,In stock,Powder-free chloroprene examination gloves.,"Small, 200/box","https://www.safcodental.com/media/catalog/product/d/r/drdap.jpg?width=265&height=265&canvas=265,265&optimize=medium&fit=bounds",,
Safco EZ Green Chloroprene gloves medium 200/bx,Safco,1028050,1028050,Home > Dental Supplies > Dental Exam Gloves > Chloroprene gloves > Safco EZ Green Chloroprene,https://www.safcodental.com/product/safco-ez-green-chloroprene,1,17.99,200/box,In stock,Powder-free chloroprene examination gloves.,"Medium, 200/box","https://www.safcodental.com/media/catalog/product/d/r/drdap.jpg?width=265&height=265&canvas=265,265&optimize=medium&fit=bounds",,
Safco EZ Green Chloroprene gloves medium 200/bx,Safco,1028050,1028050,Home > Dental Supplies > Dental Exam Gloves > Chloroprene gloves > Safco EZ Green Chloroprene,https://www.safcodental.com/product/safco-ez-green-chloroprene,10,17.49,200/box,In stock,Powder-free chloroprene examination gloves.,"Medium, 200/box","https://www.safcodental.com/media/catalog/product/d/r/drdap.jpg?width=265&height=265&canvas=265,265&optimize=medium&fit=bounds",,
Safco EZ Green Chloroprene gloves medium 200/bx,Safco,1028050,1028050,Home > Dental Supplies > Dental Exam Gloves > Chloroprene gloves > Safco EZ Green Chloroprene,https://www.safcodental.com/product/safco-ez-green-chloroprene,20,14.99,200/box,In stock,Powder-free chloroprene examination gloves.,"Medium, 200/box","https://www.safcodental.com/media/catalog/product/d/r/drdap.jpg?width=265&height=265&canvas=265,265&optimize=medium&fit=bounds",,
Safco EZ Green Chloroprene gloves large 200/bx,Safco,1028052,1028052,Home > Dental Supplies > Dental Exam Gloves > Chloroprene gloves > Safco EZ Green Chloroprene,https://www.safcodental.com/product/safco-ez-green-chloroprene,1,17.99,200/box,Non-purchasable,Powder-free chloroprene examination gloves.,"Large, 200/box","https://www.safcodental.com/media/catalog/product/d/r/drdap.jpg?width=265&height=265&canvas=265,265&optimize=medium&fit=bounds",,
Safco EZ Green Chloroprene gloves large 200/bx,Safco,1028052,1028052,Home > Dental Supplies > Dental Exam Gloves > Chloroprene gloves > Safco EZ Green Chloroprene,https://www.safcodental.com/product/safco-ez-green-chloroprene,10,17.49,200/box,Non-purchasable,Powder-free chloroprene examination gloves.,"Large, 200/box","https://www.safcodental.com/media/catalog/product/d/r/drdap.jpg?width=265&height=265&canvas=265,265&optimize=medium&fit=bounds",,
Safco EZ Green Chloroprene gloves large 200/bx,Safco,1028052,1028052,Home > Dental Supplies > Dental Exam Gloves > Chloroprene gloves > Safco EZ Green Chloroprene,https://www.safcodental.com/product/safco-ez-green-chloroprene,20,14.99,200/box,Non-purchasable,Powder-free chloroprene examination gloves.,"Large, 200/box","https://www.safcodental.com/media/catalog/product/d/r/drdap.jpg?width=265&height=265&canvas=265,265&optimize=medium&fit=bounds",,
Nitrilex Soothe nitrile gloves x-small 250/box,Safco,1028073,1028073,Home > Dental Supplies > Dental Exam Gloves > Nitrile gloves > Safco Nitrilex Soothe,https://www.safcodental.com/product/safco-nitrilex-soothe,1,15.99,250/box,In stock,Powder-free nitrile exam gloves.,"X-small, 250/box","https://www.safcodental.com/media/catalog/product/d/r/drcdj.jpg?width=265&height=265&canvas=265,265&optimize=medium&fit=bounds",,
Nitrilex Soothe nitrile gloves x-small 250/box,Safco,1028073,1028073,Home > Dental Supplies > Dental Exam Gloves > Nitrile gloves > Safco Nitrilex Soothe,https://www.safcodental.com/product/safco-nitrilex-soothe,10,15.49,250/box,In stock,Powder-free nitrile exam gloves.,"X-small, 250/box","https://www.safcodental.com/media/catalog/product/d/r/drcdj.jpg?width=265&height=265&canvas=265,265&optimize=medium&fit=bounds",,
Nitrilex Soothe nitrile gloves x-small 250/box,Safco,1028073,1028073,Home > Dental Supplies > Dental Exam Gloves > Nitrile gloves > Safco Nitrilex Soothe,https://www.safcodental.com/product/safco-nitrilex-soothe,20,13.99,250/box,In stock,Powder-free nitrile exam gloves.,"X-small, 250/box","https://www.safcodental.com/media/catalog/product/d/r/drcdj.jpg?width=265&height=265&canvas=265,265&optimize=medium&fit=bounds",,
Nitrilex Soothe nitrile gloves small 250/box,Safco,1028077,1028077,Home > Dental Supplies > Dental Exam Gloves > Nitrile gloves > Safco Nitrilex Soothe,https://www.safcodental.com/product/safco-nitrilex-soothe,1,15.99,250/box,In stock,Powder-free nitrile exam gloves.,"Small, 250/box","https://www.safcodental.com/media/catalog/product/d/r/drcdj.jpg?width=265&height=265&canvas=265,265&optimize=medium&fit=bounds",,
Nitrilex Soothe nitrile gloves small 250/box,Safco,1028077,1028077,Home > Dental Supplies > Dental Exam Gloves > Nitrile gloves > Safco Nitrilex Soothe,https://www.safcodental.com/product/safco-nitrilex-soothe,10,15.49,250/box,In stock,Powder-free nitrile exam gloves.,"Small, 250/box","https://www.safcodental.com/media/catalog/product/d/r/drcdj.jpg?width=265&height=265&canvas=265,265&optimize=medium&fit=bounds",,
Nitrilex Soothe nitrile gloves small 250/box,Safco,1028077,1028077,Home > Dental Supplies > Dental Exam Gloves > Nitrile gloves > Safco Nitrilex Soothe,https://www.safcodental.com/product/safco-nitrilex-soothe,20,13.99,250/box,In stock,Powder-free nitrile exam gloves.,"Small, 250/box","https://www.safcodental.com/media/catalog/product/d/r/drcdj.jpg?width=265&height=265&canvas=265,265&optimize=medium&fit=bounds",,
Nitrilex Soothe nitrile gloves medium 250/box,Safco,1028078,1028078,Home > Dental Supplies > Dental Exam Gloves > Nitrile gloves > Safco Nitrilex Soothe,https://www.safcodental.com/product/safco-nitrilex-soothe,1,15.99,250/box,In stock,Powder-free nitrile exam gloves.,"Medium, 250/box","https://www.safcodental.com/media/catalog/product/d/r/drcdj.jpg?width=265&height=265&canvas=265,265&optimize=medium&fit=bounds",,
Nitrilex Soothe nitrile gloves medium 250/box,Safco,1028078,1028078,Home > Dental Supplies > Dental Exam Gloves > Nitrile gloves > Safco Nitrilex Soothe,https://www.safcodental.com/product/safco-nitrilex-soothe,10,15.49,250/box,In stock,Powder-free nitrile exam gloves.,"Medium, 250/box","https://www.safcodental.com/media/catalog/product/d/r/drcdj.jpg?width=265&height=265&canvas=265,265&optimize=medium&fit=bounds",,
Nitrilex Soothe nitrile gloves medium 250/box,Safco,1028078,1028078,Home > Dental Supplies > Dental Exam Gloves > Nitrile gloves > Safco Nitrilex Soothe,https://www.safcodental.com/product/safco-nitrilex-soothe,20,13.99,250/box,In stock,Powder-free nitrile exam gloves.,"Medium, 250/box","https://www.safcodental.com/media/catalog/product/d/r/drcdj.jpg?width=265&height=265&canvas=265,265&optimize=medium&fit=bounds",,
Nitrilex Soothe nitrile gloves large 250/box,Safco,1028086,1028086,Home > Dental Supplies > Dental Exam Gloves > Nitrile gloves > Safco Nitrilex Soothe,https://www.safcodental.com/product/safco-nitrilex-soothe,1,15.99,250/box,In stock,Powder-free nitrile exam gloves.,"Large, 250/box","https://www.safcodental.com/media/catalog/product/d/r/drcdj.jpg?width=265&height=265&canvas=265,265&optimize=medium&fit=bounds",,
Nitrilex Soothe nitrile gloves large 250/box,Safco,1028086,1028086,Home > Dental Supplies > Dental Exam Gloves > Nitrile gloves > Safco Nitrilex Soothe,https://www.safcodental.com/product/safco-nitrilex-soothe,10,15.49,250/box,In stock,Powder-free nitrile exam gloves.,"Large, 250/box","https://www.safcodental.com/media/catalog/product/d/r/drcdj.jpg?width=265&height=265&canvas=265,265&optimize=medium&fit=bounds",,
Nitrilex Soothe nitrile gloves large 250/box,Safco,1028086,1028086,Home > Dental Supplies > Dental Exam Gloves > Nitrile gloves > Safco Nitrilex Soothe,https://www.safcodental.com/product/safco-nitrilex-soothe,20,13.99,250/box,In stock,Powder-free nitrile exam gloves.,"Large, 250/box","https://www.safcodental.com/media/catalog/product/d/r/drcdj.jpg?width=265&height=265&canvas=265,265&optimize=medium&fit=bounds",,
Nitrilex Soothe nitrile gloves x-large 250/box,Safco,1028088,1028088,Home > Dental Supplies > Dental Exam Gloves > Nitrile gloves > Safco Nitrilex Soothe,https://www.safcodental.com/product/safco-nitrilex-soothe,1,15.99,250/box,In stock,Powder-free nitrile exam gloves.,"X-large, 250/box","https://www.safcodental.com/media/catalog/product/d/r/drcdj.jpg?width=265&height=265&canvas=265,265&optimize=medium&fit=bounds",,
Nitrilex Soothe nitrile gloves x-large 250/box,Safco,1028088,1028088,Home > Dental Supplies > Dental Exam Gloves > Nitrile gloves > Safco Nitrilex Soothe,https://www.safcodental.com/product/safco-nitrilex-soothe,10,15.49,250/box,In stock,Powder-free nitrile exam gloves.,"X-large, 250/box","https://www.safcodental.com/media/catalog/product/d/r/drcdj.jpg?width=265&height=265&canvas=265,265&optimize=medium&fit=bounds",,
Nitrilex Soothe nitrile gloves x-large 250/box,Safco,1028088,1028088,Home > Dental Supplies > Dental Exam Gloves > Nitrile gloves > Safco Nitrilex Soothe,https://www.safcodental.com/product/safco-nitrilex-soothe,20,13.99,250/box,In stock,Powder-free nitrile exam gloves.,"X-large, 250/box","https://www.safcodental.com/media/catalog/product/d/r/drcdj.jpg?width=265&height=265&canvas=265,265&optimize=medium&fit=bounds",,
Nitrilex Surpass nitrile gloves x-small 300/box,Safco,1027990,102-7990,Home > Dental Supplies > Dental Exam Gloves > Nitrile gloves > Safco Nitrilex Surpass nitrile gloves,https://www.safcodental.com/product/safco-nitrilex-surpass-trade,1,15.99,300/box,In stock,Powder-free nitrile exam gloves.,"X-small, 300/box","https://www.safcodental.com/media/catalog/product/d/r/drccs.jpg?width=265&height=265&canvas=265,265&optimize=medium&fit=bounds",,
Nitrilex Surpass nitrile gloves x-small 300/box,Safco,1027990,102-7990,Home > Dental Supplies > Dental Exam Gloves > Nitrile gloves > Safco Nitrilex Surpass nitrile gloves,https://www.safcodental.com/product/safco-nitrilex-surpass-trade,10,14.99,300/box,In stock,Powder-free nitrile exam gloves.,"X-small, 300/box","https://www.safcodental.com/media/catalog/product/d/r/drccs.jpg?width=265&height=265&canvas=265,265&optimize=medium&fit=bounds",,
Nitrilex Surpass nitrile gloves x-small 300/box,Safco,1027990,102-7990,Home > Dental Supplies > Dental Exam Gloves > Nitrile gloves > Safco Nitrilex Surpass nitrile gloves,https://www.safcodental.com/product/safco-nitrilex-surpass-trade,20,10.99,300/box,In stock,Powder-free nitrile exam gloves.,"X-small, 300/box","https://www.safcodental.com/media/catalog/product/d/r/drccs.jpg?width=265&height=265&canvas=265,265&optimize=medium&fit=bounds",,
Nitrilex Surpass nitrile gloves small 300/box,Safco,1027993,102-7993,Home > Dental Supplies > Dental Exam Gloves > Nitrile gloves > Safco Nitrilex Surpass nitrile gloves,https://www.safcodental.com/product/safco-nitrilex-surpass-trade,1,15.99,300/box,In stock,Powder-free nitrile exam gloves.,"Small, 300/box","https://www.safcodental.com/media/catalog/product/d/r/drccs.jpg?width=265&height=265&canvas=265,265&optimize=medium&fit=bounds",,
Nitrilex Surpass nitrile gloves small 300/box,Safco,1027993,102-7993,Home > Dental Supplies > Dental Exam Gloves > Nitrile gloves > Safco Nitrilex Surpass nitrile gloves,https://www.safcodental.com/product/safco-nitrilex-surpass-trade,10,14.99,300/box,In stock,Powder-free nitrile exam gloves.,"Small, 300/box","https://www.safcodental.com/media/catalog/product/d/r/drccs.jpg?width=265&height=265&canvas=265,265&optimize=medium&fit=bounds",,
Nitrilex Surpass nitrile gloves small 300/box,Safco,1027993,102-7993,Home > Dental Supplies > Dental Exam Gloves > Nitrile gloves > Safco Nitrilex Surpass nitrile gloves,https://www.safcodental.com/product/safco-nitrilex-surpass-trade,20,10.99,300/box,In stock,Powder-free nitrile exam gloves.,"Small, 300/box","https://www.safcodental.com/media/catalog/product/d/r/drccs.jpg?width=265&height=265&canvas=265,265&optimize=medium&fit=bounds",,
Nitrilex Surpass nitrile gloves medium 300/box,Safco,1027996,102-7996,Home > Dental Supplies > Dental Exam Gloves > Nitrile gloves > Safco Nitrilex Surpass nitrile gloves,https://www.safcodental.com/product/safco-nitrilex-surpass-trade,1,15.99,300/box,In stock,Powder-free nitrile exam gloves.,"Medium, 300/box","https://www.safcodental.com/media/catalog/product/d/r/drccs.jpg?width=265&height=265&canvas=265,265&optimize=medium&fit=bounds",,
Nitrilex Surpass nitrile gloves medium 300/box,Safco,1027996,102-7996,Home > Dental Supplies > Dental Exam Gloves > Nitrile gloves > Safco Nitrilex Surpass nitrile gloves,https://www.safcodental.com/product/safco-nitrilex-surpass-trade,10,14.99,300/box,In stock,Powder-free nitrile exam gloves.,"Medium, 300/box","https://www.safcodental.com/media/catalog/product/d/r/drccs.jpg?width=265&height=265&canvas=265,265&optimize=medium&fit=bounds",,
Nitrilex Surpass nitrile gloves medium 300/box,Safco,1027996,102-7996,Home > Dental Supplies > Dental Exam Gloves > Nitrile gloves > Safco Nitrilex Surpass nitrile gloves,https://www.safcodental.com/product/safco-nitrilex-surpass-trade,20,10.99,300/box,In stock,Powder-free nitrile exam gloves.,"Medium, 300/box","https://www.safcodental.com/media/catalog/product/d/r/drccs.jpg?width=265&height=265&canvas=265,265&optimize=medium&fit=bounds",,
Nitrilex Surpass nitrile gloves large 300/box,Safco,1027999,102-7999,Home > Dental Supplies > Dental Exam Gloves > Nitrile gloves > Safco Nitrilex Surpass nitrile gloves,https://www.safcodental.com/product/safco-nitrilex-surpass-trade,1,15.99,300/box,In stock,Powder-free nitrile exam gloves.,"Large, 300/box","https://www.safcodental.com/media/catalog/product/d/r/drccs.jpg?width=265&height=265&canvas=265,265&optimize=medium&fit=bounds",,
Nitrilex Surpass nitrile gloves large 300/box,Safco,1027999,102-7999,Home > Dental Supplies > Dental Exam Gloves > Nitrile gloves > Safco Nitrilex Surpass nitrile gloves,https://www.safcodental.com/product/safco-nitrilex-surpass-trade,10,14.99,300/box,In stock,Powder-free nitrile exam gloves.,"Large, 300/box","https://www.safcodental.com/media/catalog/product/d/r/drccs.jpg?width=265&height=265&canvas=265,265&optimize=medium&fit=bounds",,
Nitrilex Surpass nitrile gloves large 300/box,Safco,1027999,102-7999,Home > Dental Supplies > Dental Exam Gloves > Nitrile gloves > Safco Nitrilex Surpass nitrile gloves,https://www.safcodental.com/product/safco-nitrilex-surpass-trade,20,10.99,300/box,In stock,Powder-free nitrile exam gloves.,"Large, 300/box","https://www.safcodental.com/media/catalog/product/d/r/drccs.jpg?width=265&height=265&canvas=265,265&optimize=medium&fit=bounds",,
Nitrilex Surpass nitrile gloves x-large 250/box,Safco,1028001,102-8001,Home > Dental Supplies > Dental Exam Gloves > Nitrile gloves > Safco Nitrilex Surpass nitrile gloves,https://www.safcodental.com/product/safco-nitrilex-surpass-trade,1,15.99,250/box,In stock,Powder-free nitrile exam gloves.,"X-large, 250/box","https://www.safcodental.com/media/catalog/product/d/r/drccs.jpg?width=265&height=265&canvas=265,265&optimize=medium&fit=bounds",,
Nitrilex Surpass nitrile gloves x-large 250/box,Safco,1028001,102-8001,Home > Dental Supplies > Dental Exam Gloves > Nitrile gloves > Safco Nitrilex Surpass nitrile gloves,https://www.safcodental.com/product/safco-nitrilex-surpass-trade,10,14.99,250/box,In stock,Powder-free nitrile exam gloves.,"X-large, 250/box","https://www.safcodental.com/media/catalog/product/d/r/drccs.jpg?width=265&height=265&canvas=265,265&optimize=medium&fit=bounds",,
Nitrilex Surpass nitrile gloves x-large 250/box,Safco,1028001,102-8001,Home > Dental Supplies > Dental Exam Gloves > Nitrile gloves > Safco Nitrilex Surpass nitrile gloves,https://www.safcodental.com/product/safco-nitrilex-surpass-trade,20,10.99,250/box,In stock,Powder-free nitrile exam gloves.,"X-large, 250/box","https://www.safcodental.com/media/catalog/product/d/r/drccs.jpg?width=265&height=265&canvas=265,265&optimize=medium&fit=bounds",,
